0,5,200,100,402,212
1,5,100,200,233,207
0,0,200,100,438,453
0,2.5,200,100,421,286
0,5,200,100,402,212
0,15,200,100,402,212
0,17.5,200,100,396,86
0,20,200,100,388,-15
1,0,100,200,-27,227
1,2.5,100,200,97,234
1,5,100,200,233,207
1,15,100,200,233,207
1,17.5,100,200,93,201
1,20,100,200,-35,190
0,5,100,100,493,238
1,5,100,100,225,266
2,5,100,100,334,221
0,0,100,100,765,435
0,2.5,100,100,628,273
0,5,100,100,493,238
0,15,100,100,493,238
0,17.5,100,100,642,122
0,20,100,100,752,23
1,0,100,100,-7,439
1,2.5,100,100,131,273
1,5,100,100,225,266
1,15,100,100,225,266
1,17.5,100,100,193,149
1,20,100,100,46,49
2,0,100,100,324,-7
2,2.5,100,100,341,72
2,5,100,100,334,221
2,15,100,100,334,221
2,17.5,100,100,346,322
2,20,100,100,350,452
0,5,100,100,214,126
1,5,100,100,515,282
2,5,100,100,238,287
3,5,100,100,344,201
4,5,100,100,537,145
0,0,100,100,0,0
0,2.5,100,100,92,99
0,5,100,100,214,126
0,15,100,100,214,126
0,17.5,100,100,221,50
0,20,100,100,198,-15
1,0,100,100,781,445
1,2.5,100,100,651,323
1,5,100,100,515,282
1,15,100,100,515,282
1,17.5,100,100,514,359
1,20,100,100,521,461
2,0,100,100,-6,444
2,2.5,100,100,100,324
2,5,100,100,238,287
2,15,100,100,238,287
2,17.5,100,100,237,371
2,20,100,100,229,448
3,0,100,100,346,-34
3,2.5,100,100,336,78
3,5,100,100,344,201
3,15,100,100,344,201
3,17.5,100,100,349,349
3,20,100,100,338,460
4,0,100,100,780,11
4,2.5,100,100,661,99
4,5,100,100,537,145
4,15,100,100,537,145
4,17.5,100,100,510,65
4,20,100,100,519,0
0,5,400,100,276,240
1,5,100,100,330,117
2,5,100,100,407,112
3,5,100,100,247,116
0,0,400,100,240,445
0,2.5,400,100,291,313
0,5,400,100,276,240
0,15,400,100,276,240
0,17.5,400,100,251,313
0,20,400,100,262,438
1,0,100,100,352,2
1,2.5,100,100,308,74
1,5,100,100,330,117
1,15,100,100,330,117
1,17.5,100,100,350,65
1,20,100,100,334,14
2,0,100,100,425,9
2,2.5,100,100,390,65
2,5,100,100,407,112
2,15,100,100,407,112
2,17.5,100,100,418,62
2,20,100,100,408,12
3,0,100,100,231,3
3,2.5,100,100,212,84
3,5,100,100,247,116
3,15,100,100,247,116
3,17.5,100,100,260,74
3,20,100,100,237,7
0,5,100,100,414,141
1,5,100,100,258,163
0,0,100,100,457,-18
0,2.5,100,100,433,65
0,5,100,100,414,141
0,15,100,100,414,141
0,17.5,100,100,424,283
0,20,100,100,439,450
1,0,100,100,282,434
1,2.5,100,100,242,283
1,5,100,100,258,163
1,15,100,100,258,163
1,17.5,100,100,252,56
1,20,100,100,259,-15
0,5,100,100,457,280
1,5,100,100,565,228
2,5,100,100,355,326
3,5,300,100,72,100
0,0,100,100,488,470
0,2.5,100,100,460,361
0,5,100,100,457,280
0,15,100,100,457,280
0,17.5,100,100,471,360
0,20,100,100,442,461
1,0,100,100,575,460
1,2.5,100,100,571,321
1,5,100,100,565,228
1,15,100,100,565,228
1,17.5,100,100,571,337
1,20,100,100,577,451
2,0,100,100,390,472
2,2.5,100,100,359,389
2,5,100,100,355,326
2,15,100,100,355,326
2,17.5,100,100,366,395
2,20,100,100,354,454
3,0,300,100,83,-28
3,2.5,300,100,69,38
3,5,300,100,72,100
3,15,300,100,72,100
3,17.5,300,100,81,42
3,20,300,100,64,-19
0,5,300,100,355,92
1,5,100,100,286,311
2,5,100,100,178,269
3,5,100,100,50,208
0,0,300,100,382,-14
0,2.5,300,100,342,58
0,5,300,100,355,92
0,15,300,100,355,92
0,17.5,300,100,362,52
0,20,300,100,337,-19
1,0,100,100,322,449
1,2.5,100,100,288,374
1,5,100,100,286,311
1,15,100,100,286,311
1,17.5,100,100,292,370
1,20,100,100,296,448
2,0,100,100,218,459
2,2.5,100,100,185,343
2,5,100,100,178,269
2,15,100,100,178,269
2,17.5,100,100,187,338
2,20,100,100,169,443
3,0,100,100,53,459
3,2.5,100,100,40,307
3,5,100,100,50,208
3,15,100,100,50,208
3,17.5,100,100,53,297
3,20,100,100,55,448
0,5,200,100,34,206
1,5,100,100,45,130
2,5,200,300,510,71
0,0,200,100,35,-19
0,2.5,200,100,37,122
0,5,200,100,34,206
0,15,200,100,34,206
0,17.5,200,100,61,114
0,20,200,100,50,-12
1,0,100,100,53,-31
1,2.5,100,100,50,53
1,5,100,100,45,130
1,15,100,100,45,130
1,17.5,100,100,44,41
1,20,100,100,46,-19
2,0,200,300,783,69
2,2.5,200,300,688,62
2,5,200,300,510,71
2,15,200,300,510,71
2,17.5,200,300,672,85
2,20,200,300,785,81
0,5,300,200,40,75
1,5,300,200,27,315
2,5,200,300,485,52
0,0,300,200,63,-25
0,2.5,300,200,44,56
0,5,300,200,40,75
0,15,300,200,40,75
0,17.5,300,200,57,38
0,20,300,200,47,-18
1,0,300,200,48,461
1,2.5,300,200,28,379
1,5,300,200,27,315
1,15,300,200,27,315
1,17.5,300,200,37,372
1,20,300,200,21,448
2,0,200,300,803,67
2,2.5,200,300,684,68
2,5,200,300,485,52
2,15,200,300,485,52
2,17.5,200,300,668,57
2,20,200,300,792,58
0,5,100,200,130,191
1,5,100,300,326,147
2,5,100,400,488,44
0,0,100,200,182,450
0,2.5,100,200,168,331
0,5,100,200,130,191
0,15,100,200,130,191
0,17.5,100,200,139,326
0,20,100,200,150,455
1,0,100,300,340,457
1,2.5,100,300,313,277
1,5,100,300,326,147
1,15,100,300,326,147
1,17.5,100,300,326,272
1,20,100,300,332,448
2,0,100,400,505,447
2,2.5,100,400,460,205
2,5,100,400,488,44
2,15,100,400,488,44
2,17.5,100,400,488,188
2,20,100,400,496,433
0,5,100,100,399,237
1,5,300,100,229,125
2,5,100,100,213,238
0,0,100,100,428,450
0,2.5,100,100,395,327
0,5,100,100,399,237
0,15,100,100,399,237
0,17.5,100,100,406,322
0,20,100,100,388,446
1,0,300,100,216,-21
1,2.5,300,100,181,70
1,5,300,100,229,125
1,15,300,100,229,125
1,17.5,300,100,217,62
1,20,300,100,206,-15
2,0,100,100,223,458
2,2.5,100,100,208,320
2,5,100,100,213,238
2,15,100,100,213,238
2,17.5,100,100,214,330
2,20,100,100,201,444
0,5,300,100,55,57
1,5,300,100,412,153
2,5,300,100,38,321
3,5,300,100,37,166
4,5,300,100,422,279
5,5,300,100,412,45
0,0,300,100,-33,54
0,2.5,300,100,21,54
0,5,300,100,55,57
0,15,300,100,55,57
0,17.5,300,100,-10,52
0,20,300,100,-41,52
1,0,300,100,732,177
1,2.5,300,100,562,166
1,5,300,100,412,153
1,15,300,100,412,153
1,17.5,300,100,549,160
1,20,300,100,704,148
2,0,300,100,-34,331
2,2.5,300,100,-4,307
2,5,300,100,38,321
2,15,300,100,38,321
2,17.5,300,100,-14,331
2,20,300,100,-34,312
3,0,300,100,-39,178
3,2.5,300,100,-3,159
3,5,300,100,37,166
3,15,300,100,37,166
3,17.5,300,100,-12,173
3,20,300,100,-35,171
4,0,300,100,689,299
4,2.5,300,100,534,290
4,5,300,100,422,279
4,15,300,100,422,279
4,17.5,300,100,549,277
4,20,300,100,688,274
5,0,300,100,708,55
5,2.5,300,100,546,39
5,5,300,100,412,45
5,15,300,100,412,45
5,17.5,300,100,585,40
5,20,300,100,791,40
0,5,300,100,305,217
1,5,200,300,50,70
2,5,100,100,304,116
0,0,300,100,318,-25
0,2.5,300,100,293,74
0,5,300,100,305,217
0,15,300,100,305,217
0,17.5,300,100,301,72
0,20,300,100,294,-26
1,0,200,300,-37,81
1,2.5,200,300,23,72
1,5,200,300,50,70
1,15,200,300,50,70
1,17.5,200,300,-6,68
1,20,200,300,-40,94
2,0,100,100,286,-25
2,2.5,100,100,302,55
2,5,100,100,304,116
2,15,100,100,304,116
2,17.5,100,100,294,65
2,20,100,100,295,-19
0,5,100,100,166,158
1,5,100,100,442,164
2,5,100,100,326,159
0,0,100,100,187,455
0,2.5,100,100,163,289
0,5,100,100,166,158
0,15,100,100,166,158
0,17.5,100,100,176,285
0,20,100,100,161,441
1,0,100,100,454,440
1,2.5,100,100,428,273
1,5,100,100,442,164
1,15,100,100,442,164
1,17.5,100,100,438,269
1,20,100,100,409,437
2,0,100,100,328,450
2,2.5,100,100,304,269
2,5,100,100,326,159
2,15,100,100,326,159
2,17.5,100,100,318,268
2,20,100,100,298,437
0,5,300,100,239,91
1,5,500,200,106,240
0,0,300,100,222,-24
0,2.5,300,100,208,49
0,5,300,100,239,91
0,15,300,100,239,91
0,17.5,300,100,221,44
0,20,300,100,203,-28
1,0,500,200,94,457
1,2.5,500,200,87,306
1,5,500,200,106,240
1,15,500,200,106,240
1,17.5,500,200,110,304
1,20,500,200,91,443
0,5,200,300,263,232
1,5,400,100,168,106
0,0,200,300,286,439
0,2.5,200,300,254,330
0,5,200,300,263,232
0,15,200,300,263,232
0,17.5,200,300,264,325
0,20,200,300,244,439
1,0,400,100,197,-35
1,2.5,400,100,166,44
1,5,400,100,168,106
1,15,400,100,168,106
1,17.5,400,100,157,28
1,20,400,100,158,-22
0,5,300,100,423,312
1,5,300,100,254,181
2,5,300,100,70,48
0,0,300,100,-40,320
0,2.5,300,100,243,303
0,5,300,100,423,312
0,15,300,100,423,312
0,17.5,300,100,193,294
0,20,300,100,-31,296
1,0,300,100,-41,188
1,2.5,300,100,149,184
1,5,300,100,254,181
1,15,300,100,254,181
1,17.5,300,100,105,173
1,20,300,100,-40,179
2,0,300,100,-39,56
2,2.5,300,100,34,45
2,5,300,100,70,48
2,15,300,100,70,48
2,17.5,300,100,19,48
2,20,300,100,-37,50
0,5,100,200,540,320
1,5,100,200,97,59
2,5,100,200,302,163
0,0,100,200,558,461
0,2.5,100,200,522,393
0,5,100,200,540,320
0,15,100,200,540,320
0,17.5,100,200,542,386
0,20,100,200,525,451
1,0,100,200,116,450
1,2.5,100,200,101,199
1,5,100,200,97,59
1,15,100,200,97,59
1,17.5,100,200,94,227
1,20,100,200,92,460
2,0,100,200,345,437
2,2.5,100,200,303,293
2,5,100,200,302,163
2,15,100,200,302,163
2,17.5,100,200,318,289
2,20,100,200,304,424
0,5,200,100,202,149
1,5,100,100,519,140
0,0,200,100,-39,166
0,2.5,200,100,66,149
0,5,200,100,202,149
0,15,200,100,202,149
0,17.5,200,100,53,143
0,20,200,100,-38,136
1,0,100,100,793,151
1,2.5,100,100,634,141
1,5,100,100,519,140
1,15,100,100,519,140
1,17.5,100,100,618,140
1,20,100,100,764,130
0,5,100,100,210,168
1,5,100,200,189,262
2,5,100,200,439,266
3,5,100,100,462,163
0,0,100,100,235,-30
0,2.5,100,100,214,80
0,5,100,100,210,168
0,15,100,100,210,168
0,17.5,100,100,203,82
0,20,100,100,198,-16
1,0,100,200,208,423
1,2.5,100,200,193,316
1,5,100,200,189,262
1,15,100,200,189,262
1,17.5,100,200,200,318
1,20,100,200,193,422
2,0,100,200,454,405
2,2.5,100,200,422,316
2,5,100,200,439,266
2,15,100,200,439,266
2,17.5,100,200,446,315
2,20,100,200,437,404
3,0,100,100,493,-23
3,2.5,100,100,461,82
3,5,100,100,462,163
3,15,100,100,462,163
3,17.5,100,100,465,80
3,20,100,100,462,-10
0,5,200,100,402,212
1,5,100,200,233,207
0,0,200,100,398,445
0,2.5,200,100,421,286
0,5,200,100,402,212
0,15,200,100,402,212
0,17.5,200,100,396,86
0,20,200,100,388,-15
1,0,100,200,219,-24
1,2.5,100,200,210,99
1,5,100,200,233,207
1,15,100,200,233,207
1,17.5,100,200,217,309
1,20,100,200,209,441
0,5,200,100,402,212
1,5,100,200,233,207
0,0,200,100,781,197
0,2.5,200,100,555,204
0,5,200,100,402,212
0,15,200,100,402,212
0,17.5,200,100,577,201
0,20,200,100,762,210
1,0,100,200,-27,227
1,2.5,100,200,97,234
1,5,100,200,233,207
1,15,100,200,233,207
1,17.5,100,200,93,201
1,20,100,200,-35,190
0,5,100,100,493,238
1,5,100,100,225,266
2,5,100,100,336,150
0,0,100,100,528,-15
0,2.5,100,100,534,121
0,5,100,100,493,238
0,15,100,100,493,238
0,17.5,100,100,494,347
0,20,100,100,492,454
1,0,100,100,230,-19
1,2.5,100,100,204,148
1,5,100,100,225,266
1,15,100,100,225,266
1,17.5,100,100,196,350
1,20,100,100,182,448
2,0,100,100,324,-7
2,2.5,100,100,341,72
2,5,100,100,336,150
2,15,100,100,336,150
2,17.5,100,100,346,322
2,20,100,100,350,452
0,5,100,100,493,238
1,5,100,100,262,295
2,5,100,100,334,221
0,0,100,100,796,225
0,2.5,100,100,637,239
0,5,100,100,493,238
0,15,100,100,493,238
0,17.5,100,100,654,226
0,20,100,100,788,213
1,0,100,100,-32,264
1,2.5,100,100,104,264
1,5,100,100,262,295
1,15,100,100,262,295
1,17.5,100,100,87,251
1,20,100,100,-33,250
2,0,100,100,324,-7
2,2.5,100,100,341,72
2,5,100,100,334,221
2,15,100,100,334,221
2,17.5,100,100,346,322
2,20,100,100,350,452
0,5,100,100,214,126
1,5,100,100,515,282
2,5,100,100,238,287
3,5,100,100,344,201
4,5,100,100,537,145
0,0,100,100,-39,154
0,2.5,100,100,79,138
0,5,100,100,214,126
0,15,100,100,214,126
0,17.5,100,100,73,136
0,20,100,100,-34,129
1,0,100,100,793,281
1,2.5,100,100,638,292
1,5,100,100,515,282
1,15,100,100,515,282
1,17.5,100,100,640,280
1,20,100,100,787,285
2,0,100,100,-40,294
2,2.5,100,100,85,297
2,5,100,100,238,287
2,15,100,100,238,287
2,17.5,100,100,75,287
2,20,100,100,-34,281
3,0,100,100,346,-34
3,2.5,100,100,336,78
3,5,100,100,344,201
3,15,100,100,344,201
3,17.5,100,100,349,349
3,20,100,100,338,460
4,0,100,100,797,146
4,2.5,100,100,652,136
4,5,100,100,537,145
4,15,100,100,537,145
4,17.5,100,100,666,136
4,20,100,100,782,143
0,5,100,100,214,126
1,5,100,100,515,282
2,5,100,100,238,287
3,5,100,100,344,201
4,5,100,100,537,145
0,0,100,100,206,-5
0,2.5,100,100,203,52
0,5,100,100,214,126
0,15,100,100,214,126
0,17.5,100,100,206,60
0,20,100,100,198,-15
1,0,100,100,513,459
1,2.5,100,100,502,398
1,5,100,100,515,282
1,15,100,100,515,282
1,17.5,100,100,514,359
1,20,100,100,521,461
2,0,100,100,201,453
2,2.5,100,100,213,368
2,5,100,100,238,287
2,15,100,100,238,287
2,17.5,100,100,237,371
2,20,100,100,229,448
3,0,100,100,346,-34
3,2.5,100,100,336,78
3,5,100,100,344,201
3,15,100,100,344,201
3,17.5,100,100,349,349
3,20,100,100,338,460
4,0,100,100,536,-6
4,2.5,100,100,527,58
4,5,100,100,537,145
4,15,100,100,537,145
4,17.5,100,100,510,65
4,20,100,100,519,0
0,5,400,100,276,240
1,5,100,100,330,117
2,5,100,100,407,112
3,5,100,100,247,116
0,0,400,100,-37,267
0,2.5,400,100,166,274
0,5,400,100,276,240
0,15,400,100,276,240
0,17.5,400,100,566,246
0,20,400,100,776,247
1,0,100,100,-34,118
1,2.5,100,100,151,109
1,5,100,100,330,117
1,15,100,100,330,117
1,17.5,100,100,157,115
1,20,100,100,-35,123
2,0,100,100,-36,123
2,2.5,100,100,237,108
2,5,100,100,407,112
2,15,100,100,407,112
2,17.5,100,100,226,118
2,20,100,100,-35,126
3,0,100,100,-35,141
3,2.5,100,100,112,123
3,5,100,100,247,116
3,15,100,100,247,116
3,17.5,100,100,110,123
3,20,100,100,-31,115
0,5,400,100,276,240
1,5,100,100,330,117
2,5,100,100,407,112
3,5,100,100,247,116
0,0,400,100,-10,448
0,2.5,400,100,134,330
0,5,400,100,276,240
0,15,400,100,276,240
0,17.5,400,100,573,305
0,20,400,100,779,439
1,0,100,100,352,2
1,2.5,100,100,308,74
1,5,100,100,330,117
1,15,100,100,330,117
1,17.5,100,100,350,65
1,20,100,100,334,14
2,0,100,100,622,-11
2,2.5,100,100,498,53
2,5,100,100,407,112
2,15,100,100,407,112
2,17.5,100,100,418,62
2,20,100,100,408,12
3,0,100,100,48,-8
3,2.5,100,100,152,75
3,5,100,100,247,116
3,15,100,100,247,116
3,17.5,100,100,260,74
3,20,100,100,237,7
0,5,100,100,414,141
1,5,100,100,258,163
0,0,100,100,792,164
0,2.5,100,100,594,137
0,5,100,100,414,141
0,15,100,100,414,141
0,17.5,100,100,424,283
0,20,100,100,439,450
1,0,100,100,-29,204
1,2.5,100,100,166,201
1,5,100,100,258,163
1,15,100,100,258,163
1,17.5,100,100,252,56
1,20,100,100,259,-15
0,5,100,100,414,141
1,5,100,100,258,163
0,0,100,100,778,5
0,2.5,100,100,594,96
0,5,100,100,414,141
0,15,100,100,414,141
0,17.5,100,100,593,310
0,20,100,100,779,445
1,0,100,100,-10,6
1,2.5,100,100,144,110
1,5,100,100,258,163
1,15,100,100,258,163
1,17.5,100,100,160,312
1,20,100,100,-13,440
0,5,100,100,457,280
1,5,100,100,565,228
2,5,100,100,355,326
3,5,300,100,72,100
0,0,100,100,488,470
0,2.5,100,100,460,361
0,5,100,100,457,280
0,15,100,100,457,280
0,17.5,100,100,471,360
0,20,100,100,442,461
1,0,100,100,575,460
1,2.5,100,100,571,321
1,5,100,100,565,228
1,15,100,100,565,228
1,17.5,100,100,571,337
1,20,100,100,577,451
2,0,100,100,390,472
2,2.5,100,100,359,389
2,5,100,100,355,326
2,15,100,100,355,326
2,17.5,100,100,366,395
2,20,100,100,354,454
3,0,300,100,-41,125
3,2.5,300,100,13,97
3,5,300,100,72,100
3,15,300,100,72,100
3,17.5,300,100,81,42
3,20,300,100,64,-19
0,5,100,100,457,280
1,5,100,100,565,228
2,5,100,100,355,326
3,5,300,100,72,100
0,0,100,100,772,302
0,2.5,100,100,600,308
0,5,100,100,457,280
0,15,100,100,457,280
0,17.5,100,100,471,360
0,20,100,100,442,461
1,0,100,100,787,236
1,2.5,100,100,664,236
1,5,100,100,565,228
1,15,100,100,565,228
1,17.5,100,100,555,306
1,20,100,100,577,451
2,0,100,100,758,315
2,2.5,100,100,535,336
2,5,100,100,355,326
2,15,100,100,355,326
2,17.5,100,100,366,395
2,20,100,100,354,454
3,0,300,100,83,-28
3,2.5,300,100,69,38
3,5,300,100,72,100
3,15,300,100,72,100
3,17.5,300,100,81,42
3,20,300,100,64,-19
0,5,300,100,355,92
1,5,100,100,286,311
2,5,100,100,178,269
3,5,100,100,50,208
0,0,300,100,782,108
0,2.5,300,100,512,91
0,5,300,100,355,92
0,15,300,100,355,92
0,17.5,300,100,362,52
0,20,300,100,337,-19
1,0,100,100,322,449
1,2.5,100,100,288,374
1,5,100,100,286,311
1,15,100,100,286,311
1,17.5,100,100,292,370
1,20,100,100,296,448
2,0,100,100,218,459
2,2.5,100,100,185,343
2,5,100,100,178,269
2,15,100,100,178,269
2,17.5,100,100,187,338
2,20,100,100,169,443
3,0,100,100,53,459
3,2.5,100,100,40,307
3,5,100,100,50,208
3,15,100,100,50,208
3,17.5,100,100,53,297
3,20,100,100,55,448
0,5,300,100,355,92
1,5,100,100,286,311
2,5,100,100,178,269
3,5,100,100,50,208
0,0,300,100,382,-14
0,2.5,300,100,342,58
0,5,300,100,355,92
0,15,300,100,355,92
0,17.5,300,100,362,52
0,20,300,100,337,-19
1,0,100,100,-33,349
1,2.5,100,100,170,352
1,5,100,100,286,311
1,15,100,100,286,311
1,17.5,100,100,292,370
1,20,100,100,296,448
2,0,100,100,-38,290
2,2.5,100,100,84,290
2,5,100,100,178,269
2,15,100,100,178,269
2,17.5,100,100,187,338
2,20,100,100,169,443
3,0,100,100,-40,217
3,2.5,100,100,5,220
3,5,100,100,50,208
3,15,100,100,50,208
3,17.5,100,100,53,297
3,20,100,100,55,448
0,5,200,100,34,206
1,5,100,100,45,130
2,5,200,300,510,71
0,0,200,100,-39,243
0,2.5,200,100,-3,230
0,5,200,100,34,206
0,15,200,100,34,206
0,17.5,200,100,-7,216
0,20,200,100,-35,229
1,0,100,100,-39,154
1,2.5,100,100,-11,137
1,5,100,100,45,130
1,15,100,100,45,130
1,17.5,100,100,-5,139
1,20,100,100,-40,130
2,0,200,300,783,69
2,2.5,200,300,688,62
2,5,200,300,510,71
2,15,200,300,510,71
2,17.5,200,300,672,85
2,20,200,300,785,81
0,5,200,100,34,206
1,5,100,100,45,130
2,5,200,300,510,71
0,0,200,100,35,-19
0,2.5,200,100,37,122
0,5,200,100,34,206
0,15,200,100,34,206
0,17.5,200,100,22,338
0,20,200,100,10,446
1,0,100,100,53,-31
1,2.5,100,100,50,53
1,5,100,100,45,130
1,15,100,100,45,130
1,17.5,100,100,23,278
1,20,100,100,4,437
2,0,200,300,502,-35
2,2.5,200,300,511,23
2,5,200,300,510,71
2,15,200,300,510,71
2,17.5,200,300,672,85
2,20,200,300,785,81
0,5,300,200,40,75
1,5,300,200,27,315
2,5,200,300,485,52
0,0,300,200,-33,101
0,2.5,300,200,-10,93
0,5,300,200,40,75
0,15,300,200,40,75
0,17.5,300,200,57,38
0,20,300,200,47,-18
1,0,300,200,-32,324
1,2.5,300,200,-17,327
1,5,300,200,27,315
1,15,300,200,27,315
1,17.5,300,200,37,372
1,20,300,200,21,448
2,0,200,300,803,67
2,2.5,200,300,684,68
2,5,200,300,485,52
2,15,200,300,485,52
2,17.5,200,300,668,57
2,20,200,300,792,58
0,5,300,200,40,75
1,5,300,200,27,315
2,5,200,300,485,52
0,0,300,200,63,-25
0,2.5,300,200,44,56
0,5,300,200,40,75
0,15,300,200,40,75
0,17.5,300,200,57,38
0,20,300,200,47,-18
1,0,300,200,48,461
1,2.5,300,200,28,379
1,5,300,200,27,315
1,15,300,200,27,315
1,17.5,300,200,37,372
1,20,300,200,21,448
2,0,200,300,803,67
2,2.5,200,300,684,68
2,5,200,300,485,52
2,15,200,300,485,52
2,17.5,200,300,470,289
2,20,200,300,474,443
0,5,100,200,130,191
1,5,100,300,326,147
2,5,100,400,488,44
0,0,100,200,182,450
0,2.5,100,200,168,331
0,5,100,200,130,191
0,15,100,200,130,191
0,17.5,100,200,118,99
0,20,100,200,130,-25
1,0,100,300,340,457
1,2.5,100,300,313,277
1,5,100,300,326,147
1,15,100,300,326,147
1,17.5,100,300,318,64
1,20,100,300,321,-24
2,0,100,400,505,447
2,2.5,100,400,460,205
2,5,100,400,488,44
2,15,100,400,488,44
2,17.5,100,400,480,-2
2,20,100,400,480,-42
0,5,100,200,130,191
1,5,100,300,326,147
2,5,100,400,488,44
0,0,100,200,182,450
0,2.5,100,200,168,331
0,5,100,200,130,191
0,15,100,200,130,191
0,17.5,100,200,37,195
0,20,100,200,-40,200
1,0,100,300,340,457
1,2.5,100,300,313,277
1,5,100,300,326,147
1,15,100,300,326,147
1,17.5,100,300,176,184
1,20,100,300,-41,175
2,0,100,400,505,447
2,2.5,100,400,460,205
2,5,100,400,488,44
2,15,100,400,488,44
2,17.5,100,400,241,173
2,20,100,400,-41,154
0,5,100,100,399,237
1,5,300,100,229,125
2,5,100,100,213,238
0,0,100,100,792,257
0,2.5,100,100,558,251
0,5,100,100,399,237
0,15,100,100,399,237
0,17.5,100,100,406,322
0,20,100,100,388,446
1,0,300,100,-34,138
1,2.5,300,100,142,121
1,5,300,100,229,125
1,15,300,100,229,125
1,17.5,300,100,217,62
1,20,300,100,206,-15
2,0,100,100,-34,248
2,2.5,100,100,106,243
2,5,100,100,213,238
2,15,100,100,213,238
2,17.5,100,100,214,330
2,20,100,100,201,444
0,5,100,100,399,237
1,5,300,100,229,125
2,5,100,100,213,238
0,0,100,100,768,430
0,2.5,100,100,587,347
0,5,100,100,399,237
0,15,100,100,399,237
0,17.5,100,100,406,322
0,20,100,100,388,446
1,0,300,100,-14,6
1,2.5,300,100,128,79
1,5,300,100,229,125
1,15,300,100,229,125
1,17.5,300,100,501,95
1,20,300,100,782,6
2,0,100,100,-11,443
2,2.5,100,100,106,361
2,5,100,100,213,238
2,15,100,100,213,238
2,17.5,100,100,214,330
2,20,100,100,201,444
0,5,300,100,55,57
1,5,300,100,412,153
2,5,300,100,38,321
3,5,300,100,37,166
4,5,300,100,422,279
5,5,300,100,412,45
0,0,300,100,47,-32
0,2.5,300,100,30,30
0,5,300,100,55,57
0,15,300,100,55,57
0,17.5,300,100,-10,52
0,20,300,100,-41,52
1,0,300,100,399,-26
1,2.5,300,100,400,91
1,5,300,100,412,153
1,15,300,100,412,153
1,17.5,300,100,549,160
1,20,300,100,704,148
2,0,300,100,39,-19
2,2.5,300,100,45,204
2,5,300,100,38,321
2,15,300,100,38,321
2,17.5,300,100,-14,331
2,20,300,100,-34,312
3,0,300,100,39,-21
3,2.5,300,100,32,83
3,5,300,100,37,166
3,15,300,100,37,166
3,17.5,300,100,-12,173
3,20,300,100,-35,171
4,0,300,100,390,-19
4,2.5,300,100,401,184
4,5,300,100,422,279
4,15,300,100,422,279
4,17.5,300,100,549,277
4,20,300,100,688,274
5,0,300,100,400,-24
5,2.5,300,100,398,25
5,5,300,100,412,45
5,15,300,100,412,45
5,17.5,300,100,585,40
5,20,300,100,791,40
0,5,300,100,55,57
1,5,300,100,412,153
2,5,300,100,38,321
3,5,300,100,37,166
4,5,300,100,422,279
5,5,300,100,412,45
0,0,300,100,-33,54
0,2.5,300,100,21,54
0,5,300,100,55,57
0,15,300,100,55,57
0,17.5,300,100,32,240
0,20,300,100,28,433
1,0,300,100,732,177
1,2.5,300,100,562,166
1,5,300,100,412,153
1,15,300,100,412,153
1,17.5,300,100,394,277
1,20,300,100,400,434
2,0,300,100,-34,331
2,2.5,300,100,-4,307
2,5,300,100,38,321
2,15,300,100,38,321
2,17.5,300,100,14,381
2,20,300,100,8,445
3,0,300,100,-39,178
3,2.5,300,100,-3,159
3,5,300,100,37,166
3,15,300,100,37,166
3,17.5,300,100,19,311
3,20,300,100,22,443
4,0,300,100,689,299
4,2.5,300,100,534,290
4,5,300,100,422,279
4,15,300,100,422,279
4,17.5,300,100,390,358
4,20,300,100,405,433
5,0,300,100,708,55
5,2.5,300,100,546,39
5,5,300,100,412,45
5,15,300,100,412,45
5,17.5,300,100,401,235
5,20,300,100,381,425
0,5,300,100,305,217
1,5,200,300,50,70
2,5,100,100,304,116
0,0,300,100,318,-25
0,2.5,300,100,293,74
0,5,300,100,305,217
0,15,300,100,305,217
0,17.5,300,100,301,72
0,20,300,100,294,-26
1,0,200,300,-37,81
1,2.5,200,300,23,72
1,5,200,300,50,70
1,15,200,300,50,70
1,17.5,200,300,-6,68
1,20,200,300,-40,94
2,0,100,100,286,-25
2,2.5,100,100,302,55
2,5,100,100,304,116
2,15,100,100,304,116
2,17.5,100,100,294,65
2,20,100,100,295,-19
0,5,300,100,305,217
1,5,200,300,50,70
2,5,100,100,304,116
0,0,300,100,318,-25
0,2.5,300,100,293,74
0,5,300,100,305,217
0,15,300,100,305,217
0,17.5,300,100,301,72
0,20,300,100,294,-26
1,0,200,300,-37,81
1,2.5,200,300,23,72
1,5,200,300,50,70
1,15,200,300,50,70
1,17.5,200,300,-6,68
1,20,200,300,-40,94
2,0,100,100,286,-25
2,2.5,100,100,302,55
2,5,100,100,304,116
2,15,100,100,304,116
2,17.5,100,100,294,65
2,20,100,100,295,-19
0,5,100,100,166,158
1,5,100,100,442,164
2,5,100,100,326,159
0,0,100,100,187,455
0,2.5,100,100,163,289
0,5,100,100,166,158
0,15,100,100,166,158
0,17.5,100,100,156,84
0,20,100,100,142,-27
1,0,100,100,454,440
1,2.5,100,100,428,273
1,5,100,100,442,164
1,15,100,100,442,164
1,17.5,100,100,451,54
1,20,100,100,446,-27
2,0,100,100,328,450
2,2.5,100,100,304,269
2,5,100,100,326,159
2,15,100,100,326,159
2,17.5,100,100,314,75
2,20,100,100,310,-31
0,5,100,100,166,158
1,5,100,100,442,164
2,5,100,100,326,159
0,0,100,100,187,455
0,2.5,100,100,163,289
0,5,100,100,166,158
0,15,100,100,166,158
0,17.5,100,100,54,162
0,20,100,100,-41,162
1,0,100,100,454,440
1,2.5,100,100,428,273
1,5,100,100,442,164
1,15,100,100,442,164
1,17.5,100,100,638,167
1,20,100,100,801,163
2,0,100,100,328,450
2,2.5,100,100,304,269
2,5,100,100,326,159
2,15,100,100,326,159
2,17.5,100,100,316,71
2,20,100,100,307,-29
0,5,300,100,239,91
1,5,500,200,106,240
0,0,300,100,-30,109
0,2.5,300,100,97,91
0,5,300,100,239,91
0,15,300,100,239,91
0,17.5,300,100,221,44
0,20,300,100,203,-28
1,0,500,200,776,252
1,2.5,500,200,376,250
1,5,500,200,106,240
1,15,500,200,106,240
1,17.5,500,200,110,304
1,20,500,200,91,443
0,5,300,100,239,91
1,5,500,200,106,240
0,0,300,100,222,-24
0,2.5,300,100,208,49
0,5,300,100,239,91
0,15,300,100,239,91
0,17.5,300,100,215,281
0,20,300,100,198,431
1,0,500,200,94,457
1,2.5,500,200,87,306
1,5,500,200,106,240
1,15,500,200,106,240
1,17.5,500,200,110,304
1,20,500,200,91,443
0,5,200,300,263,232
1,5,400,100,168,106
0,0,200,300,-41,241
0,2.5,200,300,134,252
0,5,200,300,263,232
0,15,200,300,263,232
0,17.5,200,300,264,325
0,20,200,300,244,439
1,0,400,100,-38,116
1,2.5,400,100,61,105
1,5,400,100,168,106
1,15,400,100,168,106
1,17.5,400,100,157,28
1,20,400,100,158,-22
0,5,200,300,263,232
1,5,400,100,168,106
0,0,200,300,286,439
0,2.5,200,300,254,330
0,5,200,300,263,232
0,15,200,300,263,232
0,17.5,200,300,264,325
0,20,200,300,244,439
1,0,400,100,197,-35
1,2.5,400,100,166,44
1,5,400,100,168,106
1,15,400,100,168,106
1,17.5,400,100,155,287
1,20,400,100,150,447
0,5,300,100,423,312
1,5,300,100,254,181
2,5,300,100,70,48
0,0,300,100,422,-26
0,2.5,300,100,407,145
0,5,300,100,423,312
0,15,300,100,423,312
0,17.5,300,100,193,294
0,20,300,100,-31,296
1,0,300,100,246,-33
1,2.5,300,100,230,82
1,5,300,100,254,181
1,15,300,100,254,181
1,17.5,300,100,105,173
1,20,300,100,-40,179
2,0,300,100,65,-36
2,2.5,300,100,51,18
2,5,300,100,70,48
2,15,300,100,70,48
2,17.5,300,100,19,48
2,20,300,100,-37,50
0,5,300,100,423,312
1,5,300,100,254,181
2,5,300,100,70,48
0,0,300,100,-40,320
0,2.5,300,100,243,303
0,5,300,100,423,312
0,15,300,100,423,312
0,17.5,300,100,410,384
0,20,300,100,394,445
1,0,300,100,-41,188
1,2.5,300,100,149,184
1,5,300,100,254,181
1,15,300,100,254,181
1,17.5,300,100,240,360
1,20,300,100,230,446
2,0,300,100,-39,56
2,2.5,300,100,34,45
2,5,300,100,70,48
2,15,300,100,70,48
2,17.5,300,100,63,255
2,20,300,100,51,439
0,5,100,200,540,320
1,5,100,200,97,59
2,5,100,200,302,163
0,0,100,200,-41,319
0,2.5,100,200,302,339
0,5,100,200,540,320
0,15,100,200,540,320
0,17.5,100,200,542,386
0,20,100,200,525,451
1,0,100,200,-40,75
1,2.5,100,200,28,74
1,5,100,200,97,59
1,15,100,200,97,59
1,17.5,100,200,94,227
1,20,100,200,92,460
2,0,100,200,-41,154
2,2.5,100,200,161,168
2,5,100,200,302,163
2,15,100,200,302,163
2,17.5,100,200,318,289
2,20,100,200,304,424
0,5,100,200,540,320
1,5,100,200,97,59
2,5,100,200,302,163
0,0,100,200,558,461
0,2.5,100,200,522,393
0,5,100,200,540,320
0,15,100,200,540,320
0,17.5,100,200,544,139
0,20,100,200,537,-22
1,0,100,200,116,450
1,2.5,100,200,101,199
1,5,100,200,97,59
1,15,100,200,97,59
1,17.5,100,200,85,1
1,20,100,200,81,-36
2,0,100,200,345,437
2,2.5,100,200,303,293
2,5,100,200,302,163
2,15,100,200,302,163
2,17.5,100,200,293,60
2,20,100,200,297,-33
0,5,200,100,202,149
1,5,100,100,519,140
0,0,200,100,-39,166
0,2.5,200,100,66,149
0,5,200,100,202,149
0,15,200,100,202,149
0,17.5,200,100,208,360
0,20,200,100,202,447
1,0,100,100,793,151
1,2.5,100,100,634,141
1,5,100,100,519,140
1,15,100,100,519,140
1,17.5,100,100,512,335
1,20,100,100,510,443
0,5,200,100,202,149
1,5,100,100,519,140
0,0,200,100,-39,166
0,2.5,200,100,66,149
0,5,200,100,202,149
0,15,200,100,202,149
0,17.5,200,100,196,62
0,20,200,100,190,-24
1,0,100,100,793,151
1,2.5,100,100,634,141
1,5,100,100,519,140
1,15,100,100,519,140
1,17.5,100,100,521,49
1,20,100,100,510,-36
0,5,100,100,210,168
1,5,100,200,189,262
2,5,100,200,439,266
3,5,100,100,462,163
0,0,100,100,235,-30
0,2.5,100,100,214,80
0,5,100,100,210,168
0,15,100,100,210,168
0,17.5,100,100,78,201
0,20,100,100,-35,190
1,0,100,200,208,423
1,2.5,100,200,193,316
1,5,100,200,189,262
1,15,100,200,189,262
1,17.5,100,200,76,271
1,20,100,200,-41,264
2,0,100,200,454,405
2,2.5,100,200,422,316
2,5,100,200,439,266
2,15,100,200,439,266
2,17.5,100,200,625,277
2,20,100,200,790,278
3,0,100,100,493,-23
3,2.5,100,100,461,82
3,5,100,100,462,163
3,15,100,100,462,163
3,17.5,100,100,651,166
3,20,100,100,796,170
0,5,100,100,210,168
1,5,100,200,189,262
2,5,100,200,439,266
3,5,100,100,462,163
0,0,100,100,-37,173
0,2.5,100,100,98,163
0,5,100,100,210,168
0,15,100,100,210,168
0,17.5,100,100,203,82
0,20,100,100,198,-16
1,0,100,200,-38,280
1,2.5,100,200,73,270
1,5,100,200,189,262
1,15,100,200,189,262
1,17.5,100,200,200,318
1,20,100,200,193,422
2,0,100,200,798,289
2,2.5,100,200,644,287
2,5,100,200,439,266
2,15,100,200,439,266
2,17.5,100,200,446,315
2,20,100,200,437,404
3,0,100,100,802,181
3,2.5,100,100,647,167
3,5,100,100,462,163
3,15,100,100,462,163
3,17.5,100,100,465,80
3,20,100,100,462,-10
0,5,205,105,402,212
1,5,101,201,233,207
0,0,205,105,438,453
0,2.5,205,105,421,286
0,5,205,105,402,212
0,15,205,105,402,212
0,17.5,205,105,396,86
0,20,205,105,388,-15
1,0,101,201,-27,227
1,2.5,101,201,97,234
1,5,101,201,233,207
1,15,101,201,233,207
1,17.5,101,201,93,201
1,20,101,201,-35,190
0,5,126,126,493,238
1,5,102,102,225,266
2,5,104,104,334,221
0,0,126,126,765,435
0,2.5,126,126,628,273
0,5,126,126,493,238
0,15,126,126,493,238
0,17.5,126,126,642,122
0,20,126,126,752,23
1,0,102,102,-7,439
1,2.5,102,102,131,273
1,5,102,102,225,266
1,15,102,102,225,266
1,17.5,102,102,193,149
1,20,102,102,46,49
2,0,104,104,324,-7
2,2.5,104,104,341,72
2,5,104,104,334,221
2,15,104,104,334,221
2,17.5,104,104,346,322
2,20,104,104,350,452
0,5,109,109,214,126
1,5,147,147,515,282
2,5,113,113,238,287
3,5,110,110,344,201
4,5,138,138,537,145
0,0,109,109,0,0
0,2.5,109,109,92,99
0,5,109,109,214,126
0,15,109,109,214,126
0,17.5,109,109,221,50
0,20,109,109,198,-15
1,0,147,147,781,445
1,2.5,147,147,651,323
1,5,147,147,515,282
1,15,147,147,515,282
1,17.5,147,147,514,359
1,20,147,147,521,461
2,0,113,113,-6,444
2,2.5,113,113,100,324
2,5,113,113,238,287
2,15,113,113,238,287
2,17.5,113,113,237,371
2,20,113,113,229,448
3,0,110,110,346,-34
3,2.5,110,110,336,78
3,5,110,110,344,201
3,15,110,110,344,201
3,17.5,110,110,349,349
3,20,110,110,338,460
4,0,138,138,780,11
4,2.5,138,138,661,99
4,5,138,138,537,145
4,15,138,138,537,145
4,17.5,138,138,510,65
4,20,138,138,519,0
0,5,446,146,276,240
1,5,141,141,330,117
2,5,114,114,407,112
3,5,126,126,247,116
0,0,446,146,240,445
0,2.5,446,146,291,313
0,5,446,146,276,240
0,15,446,146,276,240
0,17.5,446,146,251,313
0,20,446,146,262,438
1,0,141,141,352,2
1,2.5,141,141,308,74
1,5,141,141,330,117
1,15,141,141,330,117
1,17.5,141,141,350,65
1,20,141,141,334,14
2,0,114,114,425,9
2,2.5,114,114,390,65
2,5,114,114,407,112
2,15,114,114,407,112
2,17.5,114,114,418,62
2,20,114,114,408,12
3,0,126,126,231,3
3,2.5,126,126,212,84
3,5,126,126,247,116
3,15,126,126,247,116
3,17.5,126,126,260,74
3,20,126,126,237,7
0,5,102,102,414,141
1,5,113,113,258,163
0,0,102,102,457,-18
0,2.5,102,102,433,65
0,5,102,102,414,141
0,15,102,102,414,141
0,17.5,102,102,424,283
0,20,102,102,439,450
1,0,113,113,282,434
1,2.5,113,113,242,283
1,5,113,113,258,163
1,15,113,113,258,163
1,17.5,113,113,252,56
1,20,113,113,259,-15
0,5,133,133,457,280
1,5,131,131,565,228
2,5,128,128,355,326
3,5,316,116,72,100
0,0,133,133,488,470
0,2.5,133,133,460,361
0,5,133,133,457,280
0,15,133,133,457,280
0,17.5,133,133,471,360
0,20,133,133,442,461
1,0,131,131,575,460
1,2.5,131,131,571,321
1,5,131,131,565,228
1,15,131,131,565,228
1,17.5,131,131,571,337
1,20,131,131,577,451
2,0,128,128,390,472
2,2.5,128,128,359,389
2,5,128,128,355,326
2,15,128,128,355,326
2,17.5,128,128,366,395
2,20,128,128,354,454
3,0,316,116,83,-28
3,2.5,316,116,69,38
3,5,316,116,72,100
3,15,316,116,72,100
3,17.5,316,116,81,42
3,20,316,116,64,-19
0,5,325,125,355,92
1,5,107,107,286,311
2,5,141,141,178,269
3,5,129,129,50,208
0,0,325,125,382,-14
0,2.5,325,125,342,58
0,5,325,125,355,92
0,15,325,125,355,92
0,17.5,325,125,362,52
0,20,325,125,337,-19
1,0,107,107,322,449
1,2.5,107,107,288,374
1,5,107,107,286,311
1,15,107,107,286,311
1,17.5,107,107,292,370
1,20,107,107,296,448
2,0,141,141,218,459
2,2.5,141,141,185,343
2,5,141,141,178,269
2,15,141,141,178,269
2,17.5,141,141,187,338
2,20,141,141,169,443
3,0,129,129,53,459
3,2.5,129,129,40,307
3,5,129,129,50,208
3,15,129,129,50,208
3,17.5,129,129,53,297
3,20,129,129,55,448
0,5,207,107,34,206
1,5,136,136,45,130
2,5,219,319,510,71
0,0,207,107,35,-19
0,2.5,207,107,37,122
0,5,207,107,34,206
0,15,207,107,34,206
0,17.5,207,107,61,114
0,20,207,107,50,-12
1,0,136,136,53,-31
1,2.5,136,136,50,53
1,5,136,136,45,130
1,15,136,136,45,130
1,17.5,136,136,44,41
1,20,136,136,46,-19
2,0,219,319,783,69
2,2.5,219,319,688,62
2,5,219,319,510,71
2,15,219,319,510,71
2,17.5,219,319,672,85
2,20,219,319,785,81
0,5,320,220,40,75
1,5,340,240,27,315
2,5,212,312,485,52
0,0,320,220,63,-25
0,2.5,320,220,44,56
0,5,320,220,40,75
0,15,320,220,40,75
0,17.5,320,220,57,38
0,20,320,220,47,-18
1,0,340,240,48,461
1,2.5,340,240,28,379
1,5,340,240,27,315
1,15,340,240,27,315
1,17.5,340,240,37,372
1,20,340,240,21,448
2,0,212,312,803,67
2,2.5,212,312,684,68
2,5,212,312,485,52
2,15,212,312,485,52
2,17.5,212,312,668,57
2,20,212,312,792,58
0,5,110,210,130,191
1,5,103,303,326,147
2,5,131,431,488,44
0,0,110,210,182,450
0,2.5,110,210,168,331
0,5,110,210,130,191
0,15,110,210,130,191
0,17.5,110,210,139,326
0,20,110,210,150,455
1,0,103,303,340,457
1,2.5,103,303,313,277
1,5,103,303,326,147
1,15,103,303,326,147
1,17.5,103,303,326,272
1,20,103,303,332,448
2,0,131,431,505,447
2,2.5,131,431,460,205
2,5,131,431,488,44
2,15,131,431,488,44
2,17.5,131,431,488,188
2,20,131,431,496,433
0,5,124,124,399,237
1,5,321,121,229,125
2,5,102,102,213,238
0,0,124,124,428,450
0,2.5,124,124,395,327
0,5,124,124,399,237
0,15,124,124,399,237
0,17.5,124,124,406,322
0,20,124,124,388,446
1,0,321,121,216,-21
1,2.5,321,121,181,70
1,5,321,121,229,125
1,15,321,121,229,125
1,17.5,321,121,217,62
1,20,321,121,206,-15
2,0,102,102,223,458
2,2.5,102,102,208,320
2,5,102,102,213,238
2,15,102,102,213,238
2,17.5,102,102,214,330
2,20,102,102,201,444
0,5,314,114,55,57
1,5,309,109,412,153
2,5,322,122,38,321
3,5,329,129,37,166
4,5,341,141,422,279
5,5,323,123,412,45
0,0,314,114,-33,54
0,2.5,314,114,21,54
0,5,314,114,55,57
0,15,314,114,55,57
0,17.5,314,114,-10,52
0,20,314,114,-41,52
1,0,309,109,732,177
1,2.5,309,109,562,166
1,5,309,109,412,153
1,15,309,109,412,153
1,17.5,309,109,549,160
1,20,309,109,704,148
2,0,322,122,-34,331
2,2.5,322,122,-4,307
2,5,322,122,38,321
2,15,322,122,38,321
2,17.5,322,122,-14,331
2,20,322,122,-34,312
3,0,329,129,-39,178
3,2.5,329,129,-3,159
3,5,329,129,37,166
3,15,329,129,37,166
3,17.5,329,129,-12,173
3,20,329,129,-35,171
4,0,341,141,689,299
4,2.5,341,141,534,290
4,5,341,141,422,279
4,15,341,141,422,279
4,17.5,341,141,549,277
4,20,341,141,688,274
5,0,323,123,708,55
5,2.5,323,123,546,39
5,5,323,123,412,45
5,15,323,123,412,45
5,17.5,323,123,585,40
5,20,323,123,791,40
0,5,327,127,305,217
1,5,210,310,50,70
2,5,115,115,304,116
0,0,327,127,318,-25
0,2.5,327,127,293,74
0,5,327,127,305,217
0,15,327,127,305,217
0,17.5,327,127,301,72
0,20,327,127,294,-26
1,0,210,310,-37,81
1,2.5,210,310,23,72
1,5,210,310,50,70
1,15,210,310,50,70
1,17.5,210,310,-6,68
1,20,210,310,-40,94
2,0,115,115,286,-25
2,2.5,115,115,302,55
2,5,115,115,304,116
2,15,115,115,304,116
2,17.5,115,115,294,65
2,20,115,115,295,-19
0,5,114,114,166,158
1,5,122,122,442,164
2,5,142,142,326,159
0,0,114,114,187,455
0,2.5,114,114,163,289
0,5,114,114,166,158
0,15,114,114,166,158
0,17.5,114,114,176,285
0,20,114,114,161,441
1,0,122,122,454,440
1,2.5,122,122,428,273
1,5,122,122,442,164
1,15,122,122,442,164
1,17.5,122,122,438,269
1,20,122,122,409,437
2,0,142,142,328,450
2,2.5,142,142,304,269
2,5,142,142,326,159
2,15,142,142,326,159
2,17.5,142,142,318,268
2,20,142,142,298,437
0,5,346,146,239,91
1,5,515,215,106,240
0,0,346,146,222,-24
0,2.5,346,146,208,49
0,5,346,146,239,91
0,15,346,146,239,91
0,17.5,346,146,221,44
0,20,346,146,203,-28
1,0,515,215,94,457
1,2.5,515,215,87,306
1,5,515,215,106,240
1,15,515,215,106,240
1,17.5,515,215,110,304
1,20,515,215,91,443
0,5,228,328,263,232
1,5,443,143,168,106
0,0,228,328,286,439
0,2.5,228,328,254,330
0,5,228,328,263,232
0,15,228,328,263,232
0,17.5,228,328,264,325
0,20,228,328,244,439
1,0,443,143,197,-35
1,2.5,443,143,166,44
1,5,443,143,168,106
1,15,443,143,168,106
1,17.5,443,143,157,28
1,20,443,143,158,-22
0,5,325,125,423,312
1,5,344,144,254,181
2,5,305,105,70,48
0,0,325,125,-40,320
0,2.5,325,125,243,303
0,5,325,125,423,312
0,15,325,125,423,312
0,17.5,325,125,193,294
0,20,325,125,-31,296
1,0,344,144,-41,188
1,2.5,344,144,149,184
1,5,344,144,254,181
1,15,344,144,254,181
1,17.5,344,144,105,173
1,20,344,144,-40,179
2,0,305,105,-39,56
2,2.5,305,105,34,45
2,5,305,105,70,48
2,15,305,105,70,48
2,17.5,305,105,19,48
2,20,305,105,-37,50
0,5,124,224,540,320
1,5,148,248,97,59
2,5,123,223,302,163
0,0,124,224,558,461
0,2.5,124,224,522,393
0,5,124,224,540,320
0,15,124,224,540,320
0,17.5,124,224,542,386
0,20,124,224,525,451
1,0,148,248,116,450
1,2.5,148,248,101,199
1,5,148,248,97,59
1,15,148,248,97,59
1,17.5,148,248,94,227
1,20,148,248,92,460
2,0,123,223,345,437
2,2.5,123,223,303,293
2,5,123,223,302,163
2,15,123,223,302,163
2,17.5,123,223,318,289
2,20,123,223,304,424
0,5,229,129,202,149
1,5,139,139,519,140
0,0,229,129,-39,166
0,2.5,229,129,66,149
0,5,229,129,202,149
0,15,229,129,202,149
0,17.5,229,129,53,143
0,20,229,129,-38,136
1,0,139,139,793,151
1,2.5,139,139,634,141
1,5,139,139,519,140
1,15,139,139,519,140
1,17.5,139,139,618,140
1,20,139,139,764,130
0,5,144,144,210,168
1,5,138,238,189,262
2,5,101,201,439,266
3,5,117,117,462,163
0,0,144,144,235,-30
0,2.5,144,144,214,80
0,5,144,144,210,168
0,15,144,144,210,168
0,17.5,144,144,203,82
0,20,144,144,198,-16
1,0,138,238,208,423
1,2.5,138,238,193,316
1,5,138,238,189,262
1,15,138,238,189,262
1,17.5,138,238,200,318
1,20,138,238,193,422
2,0,101,201,454,405
2,2.5,101,201,422,316
2,5,101,201,439,266
2,15,101,201,439,266
2,17.5,101,201,446,315
2,20,101,201,437,404
3,0,117,117,493,-23
3,2.5,117,117,461,82
3,5,117,117,462,163
3,15,117,117,462,163
3,17.5,117,117,465,80
3,20,117,117,462,-10
0,5,236,136,402,212
1,5,124,224,233,207
0,0,236,136,398,445
0,2.5,236,136,421,286
0,5,236,136,402,212
0,15,236,136,402,212
0,17.5,236,136,396,86
0,20,236,136,388,-15
1,0,124,224,219,-24
1,2.5,124,224,210,99
1,5,124,224,233,207
1,15,124,224,233,207
1,17.5,124,224,217,309
1,20,124,224,209,441
0,5,244,144,402,212
1,5,133,233,233,207
0,0,244,144,781,197
0,2.5,244,144,555,204
0,5,244,144,402,212
0,15,244,144,402,212
0,17.5,244,144,577,201
0,20,244,144,762,210
1,0,133,233,-27,227
1,2.5,133,233,97,234
1,5,133,233,233,207
1,15,133,233,233,207
1,17.5,133,233,93,201
1,20,133,233,-35,190
0,5,113,113,493,238
1,5,113,113,225,266
2,5,108,108,336,150
0,0,113,113,528,-15
0,2.5,113,113,534,121
0,5,113,113,493,238
0,15,113,113,493,238
0,17.5,113,113,494,347
0,20,113,113,492,454
1,0,113,113,230,-19
1,2.5,113,113,204,148
1,5,113,113,225,266
1,15,113,113,225,266
1,17.5,113,113,196,350
1,20,113,113,182,448
2,0,108,108,324,-7
2,2.5,108,108,341,72
2,5,108,108,336,150
2,15,108,108,336,150
2,17.5,108,108,346,322
2,20,108,108,350,452
0,5,124,124,493,238
1,5,120,120,262,295
2,5,115,115,334,221
0,0,124,124,796,225
0,2.5,124,124,637,239
0,5,124,124,493,238
0,15,124,124,493,238
0,17.5,124,124,654,226
0,20,124,124,788,213
1,0,120,120,-32,264
1,2.5,120,120,104,264
1,5,120,120,262,295
1,15,120,120,262,295
1,17.5,120,120,87,251
1,20,120,120,-33,250
2,0,115,115,324,-7
2,2.5,115,115,341,72
2,5,115,115,334,221
2,15,115,115,334,221
2,17.5,115,115,346,322
2,20,115,115,350,452
0,5,130,130,214,126
1,5,130,130,515,282
2,5,146,146,238,287
3,5,131,131,344,201
4,5,145,145,537,145
0,0,130,130,-39,154
0,2.5,130,130,79,138
0,5,130,130,214,126
0,15,130,130,214,126
0,17.5,130,130,73,136
0,20,130,130,-34,129
1,0,130,130,793,281
1,2.5,130,130,638,292
1,5,130,130,515,282
1,15,130,130,515,282
1,17.5,130,130,640,280
1,20,130,130,787,285
2,0,146,146,-40,294
2,2.5,146,146,85,297
2,5,146,146,238,287
2,15,146,146,238,287
2,17.5,146,146,75,287
2,20,146,146,-34,281
3,0,131,131,346,-34
3,2.5,131,131,336,78
3,5,131,131,344,201
3,15,131,131,344,201
3,17.5,131,131,349,349
3,20,131,131,338,460
4,0,145,145,797,146
4,2.5,145,145,652,136
4,5,145,145,537,145
4,15,145,145,537,145
4,17.5,145,145,666,136
4,20,145,145,782,143
0,5,115,115,214,126
1,5,125,125,515,282
2,5,110,110,238,287
3,5,107,107,344,201
4,5,102,102,537,145
0,0,115,115,206,-5
0,2.5,115,115,203,52
0,5,115,115,214,126
0,15,115,115,214,126
0,17.5,115,115,206,60
0,20,115,115,198,-15
1,0,125,125,513,459
1,2.5,125,125,502,398
1,5,125,125,515,282
1,15,125,125,515,282
1,17.5,125,125,514,359
1,20,125,125,521,461
2,0,110,110,201,453
2,2.5,110,110,213,368
2,5,110,110,238,287
2,15,110,110,238,287
2,17.5,110,110,237,371
2,20,110,110,229,448
3,0,107,107,346,-34
3,2.5,107,107,336,78
3,5,107,107,344,201
3,15,107,107,344,201
3,17.5,107,107,349,349
3,20,107,107,338,460
4,0,102,102,536,-6
4,2.5,102,102,527,58
4,5,102,102,537,145
4,15,102,102,537,145
4,17.5,102,102,510,65
4,20,102,102,519,0
0,5,439,139,276,240
1,5,132,132,330,117
2,5,119,119,407,112
3,5,125,125,247,116
0,0,439,139,-37,267
0,2.5,439,139,166,274
0,5,439,139,276,240
0,15,439,139,276,240
0,17.5,439,139,566,246
0,20,439,139,776,247
1,0,132,132,-34,118
1,2.5,132,132,151,109
1,5,132,132,330,117
1,15,132,132,330,117
1,17.5,132,132,157,115
1,20,132,132,-35,123
2,0,119,119,-36,123
2,2.5,119,119,237,108
2,5,119,119,407,112
2,15,119,119,407,112
2,17.5,119,119,226,118
2,20,119,119,-35,126
3,0,125,125,-35,141
3,2.5,125,125,112,123
3,5,125,125,247,116
3,15,125,125,247,116
3,17.5,125,125,110,123
3,20,125,125,-31,115
0,5,426,126,276,240
1,5,102,102,330,117
2,5,141,141,407,112
3,5,144,144,247,116
0,0,426,126,-10,448
0,2.5,426,126,134,330
0,5,426,126,276,240
0,15,426,126,276,240
0,17.5,426,126,573,305
0,20,426,126,779,439
1,0,102,102,352,2
1,2.5,102,102,308,74
1,5,102,102,330,117
1,15,102,102,330,117
1,17.5,102,102,350,65
1,20,102,102,334,14
2,0,141,141,622,-11
2,2.5,141,141,498,53
2,5,141,141,407,112
2,15,141,141,407,112
2,17.5,141,141,418,62
2,20,141,141,408,12
3,0,144,144,48,-8
3,2.5,144,144,152,75
3,5,144,144,247,116
3,15,144,144,247,116
3,17.5,144,144,260,74
3,20,144,144,237,7
0,5,118,118,414,141
1,5,105,105,258,163
0,0,118,118,792,164
0,2.5,118,118,594,137
0,5,118,118,414,141
0,15,118,118,414,141
0,17.5,118,118,424,283
0,20,118,118,439,450
1,0,105,105,-29,204
1,2.5,105,105,166,201
1,5,105,105,258,163
1,15,105,105,258,163
1,17.5,105,105,252,56
1,20,105,105,259,-15
0,5,139,139,414,141
1,5,111,111,258,163
0,0,139,139,778,5
0,2.5,139,139,594,96
0,5,139,139,414,141
0,15,139,139,414,141
0,17.5,139,139,593,310
0,20,139,139,779,445
1,0,111,111,-10,6
1,2.5,111,111,144,110
1,5,111,111,258,163
1,15,111,111,258,163
1,17.5,111,111,160,312
1,20,111,111,-13,440
0,5,143,143,457,280
1,5,144,144,565,228
2,5,127,127,355,326
3,5,311,111,72,100
0,0,143,143,488,470
0,2.5,143,143,460,361
0,5,143,143,457,280
0,15,143,143,457,280
0,17.5,143,143,471,360
0,20,143,143,442,461
1,0,144,144,575,460
1,2.5,144,144,571,321
1,5,144,144,565,228
1,15,144,144,565,228
1,17.5,144,144,571,337
1,20,144,144,577,451
2,0,127,127,390,472
2,2.5,127,127,359,389
2,5,127,127,355,326
2,15,127,127,355,326
2,17.5,127,127,366,395
2,20,127,127,354,454
3,0,311,111,-41,125
3,2.5,311,111,13,97
3,5,311,111,72,100
3,15,311,111,72,100
3,17.5,311,111,81,42
3,20,311,111,64,-19
0,5,108,108,457,280
1,5,134,134,565,228
2,5,100,100,355,326
3,5,337,137,72,100
0,0,108,108,772,302
0,2.5,108,108,600,308
0,5,108,108,457,280
0,15,108,108,457,280
0,17.5,108,108,471,360
0,20,108,108,442,461
1,0,134,134,787,236
1,2.5,134,134,664,236
1,5,134,134,565,228
1,15,134,134,565,228
1,17.5,134,134,555,306
1,20,134,134,577,451
2,0,100,100,758,315
2,2.5,100,100,535,336
2,5,100,100,355,326
2,15,100,100,355,326
2,17.5,100,100,366,395
2,20,100,100,354,454
3,0,337,137,83,-28
3,2.5,337,137,69,38
3,5,337,137,72,100
3,15,337,137,72,100
3,17.5,337,137,81,42
3,20,337,137,64,-19
0,5,315,115,355,92
1,5,137,137,286,311
2,5,118,118,178,269
3,5,108,108,50,208
0,0,315,115,782,108
0,2.5,315,115,512,91
0,5,315,115,355,92
0,15,315,115,355,92
0,17.5,315,115,362,52
0,20,315,115,337,-19
1,0,137,137,322,449
1,2.5,137,137,288,374
1,5,137,137,286,311
1,15,137,137,286,311
1,17.5,137,137,292,370
1,20,137,137,296,448
2,0,118,118,218,459
2,2.5,118,118,185,343
2,5,118,118,178,269
2,15,118,118,178,269
2,17.5,118,118,187,338
2,20,118,118,169,443
3,0,108,108,53,459
3,2.5,108,108,40,307
3,5,108,108,50,208
3,15,108,108,50,208
3,17.5,108,108,53,297
3,20,108,108,55,448
0,5,332,132,355,92
1,5,105,105,286,311
2,5,105,105,178,269
3,5,134,134,50,208
0,0,332,132,382,-14
0,2.5,332,132,342,58
0,5,332,132,355,92
0,15,332,132,355,92
0,17.5,332,132,362,52
0,20,332,132,337,-19
1,0,105,105,-33,349
1,2.5,105,105,170,352
1,5,105,105,286,311
1,15,105,105,286,311
1,17.5,105,105,292,370
1,20,105,105,296,448
2,0,105,105,-38,290
2,2.5,105,105,84,290
2,5,105,105,178,269
2,15,105,105,178,269
2,17.5,105,105,187,338
2,20,105,105,169,443
3,0,134,134,-40,217
3,2.5,134,134,5,220
3,5,134,134,50,208
3,15,134,134,50,208
3,17.5,134,134,53,297
3,20,134,134,55,448
0,5,202,102,34,206
1,5,124,124,45,130
2,5,240,340,510,71
0,0,202,102,-39,243
0,2.5,202,102,-3,230
0,5,202,102,34,206
0,15,202,102,34,206
0,17.5,202,102,-7,216
0,20,202,102,-35,229
1,0,124,124,-39,154
1,2.5,124,124,-11,137
1,5,124,124,45,130
1,15,124,124,45,130
1,17.5,124,124,-5,139
1,20,124,124,-40,130
2,0,240,340,783,69
2,2.5,240,340,688,62
2,5,240,340,510,71
2,15,240,340,510,71
2,17.5,240,340,672,85
2,20,240,340,785,81
0,5,214,114,34,206
1,5,116,116,45,130
2,5,223,323,510,71
0,0,214,114,35,-19
0,2.5,214,114,37,122
0,5,214,114,34,206
0,15,214,114,34,206
0,17.5,214,114,22,338
0,20,214,114,10,446
1,0,116,116,53,-31
1,2.5,116,116,50,53
1,5,116,116,45,130
1,15,116,116,45,130
1,17.5,116,116,23,278
1,20,116,116,4,437
2,0,223,323,502,-35
2,2.5,223,323,511,23
2,5,223,323,510,71
2,15,223,323,510,71
2,17.5,223,323,672,85
2,20,223,323,785,81
0,5,312,212,40,75
1,5,321,221,27,315
2,5,228,328,485,52
0,0,312,212,-33,101
0,2.5,312,212,-10,93
0,5,312,212,40,75
0,15,312,212,40,75
0,17.5,312,212,57,38
0,20,312,212,47,-18
1,0,321,221,-32,324
1,2.5,321,221,-17,327
1,5,321,221,27,315
1,15,321,221,27,315
1,17.5,321,221,37,372
1,20,321,221,21,448
2,0,228,328,803,67
2,2.5,228,328,684,68
2,5,228,328,485,52
2,15,228,328,485,52
2,17.5,228,328,668,57
2,20,228,328,792,58
0,5,337,237,40,75
1,5,300,200,27,315
2,5,201,301,485,52
0,0,337,237,63,-25
0,2.5,337,237,44,56
0,5,337,237,40,75
0,15,337,237,40,75
0,17.5,337,237,57,38
0,20,337,237,47,-18
1,0,300,200,48,461
1,2.5,300,200,28,379
1,5,300,200,27,315
1,15,300,200,27,315
1,17.5,300,200,37,372
1,20,300,200,21,448
2,0,201,301,803,67
2,2.5,201,301,684,68
2,5,201,301,485,52
2,15,201,301,485,52
2,17.5,201,301,470,289
2,20,201,301,474,443
0,5,136,236,130,191
1,5,114,314,326,147
2,5,127,427,488,44
0,0,136,236,182,450
0,2.5,136,236,168,331
0,5,136,236,130,191
0,15,136,236,130,191
0,17.5,136,236,118,99
0,20,136,236,130,-25
1,0,114,314,340,457
1,2.5,114,314,313,277
1,5,114,314,326,147
1,15,114,314,326,147
1,17.5,114,314,318,64
1,20,114,314,321,-24
2,0,127,427,505,447
2,2.5,127,427,460,205
2,5,127,427,488,44
2,15,127,427,488,44
2,17.5,127,427,480,-2
2,20,127,427,480,-42
0,5,112,212,130,191
1,5,140,340,326,147
2,5,107,407,488,44
0,0,112,212,182,450
0,2.5,112,212,168,331
0,5,112,212,130,191
0,15,112,212,130,191
0,17.5,112,212,37,195
0,20,112,212,-40,200
1,0,140,340,340,457
1,2.5,140,340,313,277
1,5,140,340,326,147
1,15,140,340,326,147
1,17.5,140,340,176,184
1,20,140,340,-41,175
2,0,107,407,505,447
2,2.5,107,407,460,205
2,5,107,407,488,44
2,15,107,407,488,44
2,17.5,107,407,241,173
2,20,107,407,-41,154
0,5,100,100,399,237
1,5,315,115,229,125
2,5,134,134,213,238
0,0,100,100,792,257
0,2.5,100,100,558,251
0,5,100,100,399,237
0,15,100,100,399,237
0,17.5,100,100,406,322
0,20,100,100,388,446
1,0,315,115,-34,138
1,2.5,315,115,142,121
1,5,315,115,229,125
1,15,315,115,229,125
1,17.5,315,115,217,62
1,20,315,115,206,-15
2,0,134,134,-34,248
2,2.5,134,134,106,243
2,5,134,134,213,238
2,15,134,134,213,238
2,17.5,134,134,214,330
2,20,134,134,201,444
0,5,127,127,399,237
1,5,344,144,229,125
2,5,117,117,213,238
0,0,127,127,768,430
0,2.5,127,127,587,347
0,5,127,127,399,237
0,15,127,127,399,237
0,17.5,127,127,406,322
0,20,127,127,388,446
1,0,344,144,-14,6
1,2.5,344,144,128,79
1,5,344,144,229,125
1,15,344,144,229,125
1,17.5,344,144,501,95
1,20,344,144,782,6
2,0,117,117,-11,443
2,2.5,117,117,106,361
2,5,117,117,213,238
2,15,117,117,213,238
2,17.5,117,117,214,330
2,20,117,117,201,444
0,5,340,140,55,57
1,5,336,136,412,153
2,5,341,141,38,321
3,5,321,121,37,166
4,5,349,149,422,279
5,5,343,143,412,45
0,0,340,140,47,-32
0,2.5,340,140,30,30
0,5,340,140,55,57
0,15,340,140,55,57
0,17.5,340,140,-10,52
0,20,340,140,-41,52
1,0,336,136,399,-26
1,2.5,336,136,400,91
1,5,336,136,412,153
1,15,336,136,412,153
1,17.5,336,136,549,160
1,20,336,136,704,148
2,0,341,141,39,-19
2,2.5,341,141,45,204
2,5,341,141,38,321
2,15,341,141,38,321
2,17.5,341,141,-14,331
2,20,341,141,-34,312
3,0,321,121,39,-21
3,2.5,321,121,32,83
3,5,321,121,37,166
3,15,321,121,37,166
3,17.5,321,121,-12,173
3,20,321,121,-35,171
4,0,349,149,390,-19
4,2.5,349,149,401,184
4,5,349,149,422,279
4,15,349,149,422,279
4,17.5,349,149,549,277
4,20,349,149,688,274
5,0,343,143,400,-24
5,2.5,343,143,398,25
5,5,343,143,412,45
5,15,343,143,412,45
5,17.5,343,143,585,40
5,20,343,143,791,40
0,5,321,121,55,57
1,5,350,150,412,153
2,5,332,132,38,321
3,5,350,150,37,166
4,5,327,127,422,279
5,5,350,150,412,45
0,0,321,121,-33,54
0,2.5,321,121,21,54
0,5,321,121,55,57
0,15,321,121,55,57
0,17.5,321,121,32,240
0,20,321,121,28,433
1,0,350,150,732,177
1,2.5,350,150,562,166
1,5,350,150,412,153
1,15,350,150,412,153
1,17.5,350,150,394,277
1,20,350,150,400,434
2,0,332,132,-34,331
2,2.5,332,132,-4,307
2,5,332,132,38,321
2,15,332,132,38,321
2,17.5,332,132,14,381
2,20,332,132,8,445
3,0,350,150,-39,178
3,2.5,350,150,-3,159
3,5,350,150,37,166
3,15,350,150,37,166
3,17.5,350,150,19,311
3,20,350,150,22,443
4,0,327,127,689,299
4,2.5,327,127,534,290
4,5,327,127,422,279
4,15,327,127,422,279
4,17.5,327,127,390,358
4,20,327,127,405,433
5,0,350,150,708,55
5,2.5,350,150,546,39
5,5,350,150,412,45
5,15,350,150,412,45
5,17.5,350,150,401,235
5,20,350,150,381,425
0,5,311,111,305,217
1,5,229,329,50,70
2,5,125,125,304,116
0,0,311,111,318,-25
0,2.5,311,111,293,74
0,5,311,111,305,217
0,15,311,111,305,217
0,17.5,311,111,301,72
0,20,311,111,294,-26
1,0,229,329,-37,81
1,2.5,229,329,23,72
1,5,229,329,50,70
1,15,229,329,50,70
1,17.5,229,329,-6,68
1,20,229,329,-40,94
2,0,125,125,286,-25
2,2.5,125,125,302,55
2,5,125,125,304,116
2,15,125,125,304,116
2,17.5,125,125,294,65
2,20,125,125,295,-19
0,5,321,121,305,217
1,5,224,324,50,70
2,5,131,131,304,116
0,0,321,121,318,-25
0,2.5,321,121,293,74
0,5,321,121,305,217
0,15,321,121,305,217
0,17.5,321,121,301,72
0,20,321,121,294,-26
1,0,224,324,-37,81
1,2.5,224,324,23,72
1,5,224,324,50,70
1,15,224,324,50,70
1,17.5,224,324,-6,68
1,20,224,324,-40,94
2,0,131,131,286,-25
2,2.5,131,131,302,55
2,5,131,131,304,116
2,15,131,131,304,116
2,17.5,131,131,294,65
2,20,131,131,295,-19
0,5,123,123,166,158
1,5,105,105,442,164
2,5,135,135,326,159
0,0,123,123,187,455
0,2.5,123,123,163,289
0,5,123,123,166,158
0,15,123,123,166,158
0,17.5,123,123,156,84
0,20,123,123,142,-27
1,0,105,105,454,440
1,2.5,105,105,428,273
1,5,105,105,442,164
1,15,105,105,442,164
1,17.5,105,105,451,54
1,20,105,105,446,-27
2,0,135,135,328,450
2,2.5,135,135,304,269
2,5,135,135,326,159
2,15,135,135,326,159
2,17.5,135,135,314,75
2,20,135,135,310,-31
0,5,120,120,166,158
1,5,147,147,442,164
2,5,142,142,326,159
0,0,120,120,187,455
0,2.5,120,120,163,289
0,5,120,120,166,158
0,15,120,120,166,158
0,17.5,120,120,54,162
0,20,120,120,-41,162
1,0,147,147,454,440
1,2.5,147,147,428,273
1,5,147,147,442,164
1,15,147,147,442,164
1,17.5,147,147,638,167
1,20,147,147,801,163
2,0,142,142,328,450
2,2.5,142,142,304,269
2,5,142,142,326,159
2,15,142,142,326,159
2,17.5,142,142,316,71
2,20,142,142,307,-29
0,5,333,133,239,91
1,5,531,231,106,240
0,0,333,133,-30,109
0,2.5,333,133,97,91
0,5,333,133,239,91
0,15,333,133,239,91
0,17.5,333,133,221,44
0,20,333,133,203,-28
1,0,531,231,776,252
1,2.5,531,231,376,250
1,5,531,231,106,240
1,15,531,231,106,240
1,17.5,531,231,110,304
1,20,531,231,91,443
0,5,330,130,239,91
1,5,547,247,106,240
0,0,330,130,222,-24
0,2.5,330,130,208,49
0,5,330,130,239,91
0,15,330,130,239,91
0,17.5,330,130,215,281
0,20,330,130,198,431
1,0,547,247,94,457
1,2.5,547,247,87,306
1,5,547,247,106,240
1,15,547,247,106,240
1,17.5,547,247,110,304
1,20,547,247,91,443
0,5,215,315,263,232
1,5,422,122,168,106
0,0,215,315,-41,241
0,2.5,215,315,134,252
0,5,215,315,263,232
0,15,215,315,263,232
0,17.5,215,315,264,325
0,20,215,315,244,439
1,0,422,122,-38,116
1,2.5,422,122,61,105
1,5,422,122,168,106
1,15,422,122,168,106
1,17.5,422,122,157,28
1,20,422,122,158,-22
0,5,241,341,263,232
1,5,430,130,168,106
0,0,241,341,286,439
0,2.5,241,341,254,330
0,5,241,341,263,232
0,15,241,341,263,232
0,17.5,241,341,264,325
0,20,241,341,244,439
1,0,430,130,197,-35
1,2.5,430,130,166,44
1,5,430,130,168,106
1,15,430,130,168,106
1,17.5,430,130,155,287
1,20,430,130,150,447
0,5,346,146,423,312
1,5,321,121,254,181
2,5,303,103,70,48
0,0,346,146,422,-26
0,2.5,346,146,407,145
0,5,346,146,423,312
0,15,346,146,423,312
0,17.5,346,146,193,294
0,20,346,146,-31,296
1,0,321,121,246,-33
1,2.5,321,121,230,82
1,5,321,121,254,181
1,15,321,121,254,181
1,17.5,321,121,105,173
1,20,321,121,-40,179
2,0,303,103,65,-36
2,2.5,303,103,51,18
2,5,303,103,70,48
2,15,303,103,70,48
2,17.5,303,103,19,48
2,20,303,103,-37,50
0,5,334,134,423,312
1,5,316,116,254,181
2,5,311,111,70,48
0,0,334,134,-40,320
0,2.5,334,134,243,303
0,5,334,134,423,312
0,15,334,134,423,312
0,17.5,334,134,410,384
0,20,334,134,394,445
1,0,316,116,-41,188
1,2.5,316,116,149,184
1,5,316,116,254,181
1,15,316,116,254,181
1,17.5,316,116,240,360
1,20,316,116,230,446
2,0,311,111,-39,56
2,2.5,311,111,34,45
2,5,311,111,70,48
2,15,311,111,70,48
2,17.5,311,111,63,255
2,20,311,111,51,439
0,5,104,204,540,320
1,5,122,222,97,59
2,5,125,225,302,163
0,0,104,204,-41,319
0,2.5,104,204,302,339
0,5,104,204,540,320
0,15,104,204,540,320
0,17.5,104,204,542,386
0,20,104,204,525,451
1,0,122,222,-40,75
1,2.5,122,222,28,74
1,5,122,222,97,59
1,15,122,222,97,59
1,17.5,122,222,94,227
1,20,122,222,92,460
2,0,125,225,-41,154
2,2.5,125,225,161,168
2,5,125,225,302,163
2,15,125,225,302,163
2,17.5,125,225,318,289
2,20,125,225,304,424
0,5,150,250,540,320
1,5,101,201,97,59
2,5,134,234,302,163
0,0,150,250,558,461
0,2.5,150,250,522,393
0,5,150,250,540,320
0,15,150,250,540,320
0,17.5,150,250,544,139
0,20,150,250,537,-22
1,0,101,201,116,450
1,2.5,101,201,101,199
1,5,101,201,97,59
1,15,101,201,97,59
1,17.5,101,201,85,1
1,20,101,201,81,-36
2,0,134,234,345,437
2,2.5,134,234,303,293
2,5,134,234,302,163
2,15,134,234,302,163
2,17.5,134,234,293,60
2,20,134,234,297,-33
0,5,229,129,202,149
1,5,108,108,519,140
0,0,229,129,-39,166
0,2.5,229,129,66,149
0,5,229,129,202,149
0,15,229,129,202,149
0,17.5,229,129,208,360
0,20,229,129,202,447
1,0,108,108,793,151
1,2.5,108,108,634,141
1,5,108,108,519,140
1,15,108,108,519,140
1,17.5,108,108,512,335
1,20,108,108,510,443
0,5,248,148,202,149
1,5,123,123,519,140
0,0,248,148,-39,166
0,2.5,248,148,66,149
0,5,248,148,202,149
0,15,248,148,202,149
0,17.5,248,148,196,62
0,20,248,148,190,-24
1,0,123,123,793,151
1,2.5,123,123,634,141
1,5,123,123,519,140
1,15,123,123,519,140
1,17.5,123,123,521,49
1,20,123,123,510,-36
0,5,132,132,210,168
1,5,106,206,189,262
2,5,138,238,439,266
3,5,109,109,462,163
0,0,132,132,235,-30
0,2.5,132,132,214,80
0,5,132,132,210,168
0,15,132,132,210,168
0,17.5,132,132,78,201
0,20,132,132,-35,190
1,0,106,206,208,423
1,2.5,106,206,193,316
1,5,106,206,189,262
1,15,106,206,189,262
1,17.5,106,206,76,271
1,20,106,206,-41,264
2,0,138,238,454,405
2,2.5,138,238,422,316
2,5,138,238,439,266
2,15,138,238,439,266
2,17.5,138,238,625,277
2,20,138,238,790,278
3,0,109,109,493,-23
3,2.5,109,109,461,82
3,5,109,109,462,163
3,15,109,109,462,163
3,17.5,109,109,651,166
3,20,109,109,796,170
0,5,116,116,210,168
1,5,100,200,189,262
2,5,140,240,439,266
3,5,139,139,462,163
0,0,116,116,-37,173
0,2.5,116,116,98,163
0,5,116,116,210,168
0,15,116,116,210,168
0,17.5,116,116,203,82
0,20,116,116,198,-16
1,0,100,200,-38,280
1,2.5,100,200,73,270
1,5,100,200,189,262
1,15,100,200,189,262
1,17.5,100,200,200,318
1,20,100,200,193,422
2,0,140,240,798,289
2,2.5,140,240,644,287
2,5,140,240,439,266
2,15,140,240,439,266
2,17.5,140,240,446,315
2,20,140,240,437,404
3,0,139,139,802,181
3,2.5,139,139,647,167
3,5,139,139,462,163
3,15,139,139,462,163
3,17.5,139,139,465,80
3,20,139,139,462,-10
0,5,202,102,402,212
1,5,102,202,233,207
0,0,202,102,457,472
0,2.5,202,102,438,303
0,5,202,102,402,212
0,15,202,102,402,212
0,17.5,202,102,400,90
0,20,202,102,394,-9
1,0,102,202,-7,247
1,2.5,102,202,97,234
1,5,102,202,233,207
1,15,102,202,233,207
1,17.5,102,202,105,213
1,20,102,202,-28,197
0,5,102,102,493,238
1,5,119,119,225,266
2,5,137,137,334,221
0,0,102,102,766,436
0,2.5,102,102,634,279
0,5,102,102,493,238
0,15,102,102,493,238
0,17.5,102,102,654,134
0,20,102,102,766,37
1,0,119,119,1,447
1,2.5,119,119,141,283
1,5,119,119,225,266
1,15,119,119,225,266
1,17.5,119,119,205,161
1,20,119,119,60,63
2,0,137,137,325,-6
2,2.5,137,137,344,75
2,5,137,137,334,221
2,15,137,137,334,221
2,17.5,137,137,361,337
2,20,137,137,361,463
0,5,109,109,214,126
1,5,100,100,515,282
2,5,130,130,238,287
3,5,128,128,344,201
4,5,100,100,537,145
0,0,109,109,5,5
0,2.5,109,109,97,104
0,5,109,109,214,126
0,15,109,109,214,126
0,17.5,109,109,235,64
0,20,109,109,201,-12
1,0,100,100,794,458
1,2.5,100,100,664,336
1,5,100,100,515,282
1,15,100,100,515,282
1,17.5,100,100,527,372
1,20,100,100,531,471
2,0,130,130,0,450
2,2.5,130,130,104,328
2,5,130,130,238,287
2,15,130,130,238,287
2,17.5,130,130,246,380
2,20,130,130,246,465
3,0,128,128,355,-25
3,2.5,128,128,344,86
3,5,128,128,344,201
3,15,128,128,344,201
3,17.5,128,128,353,353
3,20,128,128,354,476
4,0,100,100,784,15
4,2.5,100,100,664,102
4,5,100,100,537,145
4,15,100,100,537,145
4,17.5,100,100,521,76
4,20,100,100,527,8
0,5,446,146,276,240
1,5,116,116,330,117
2,5,125,125,407,112
3,5,117,117,247,116
0,0,446,146,251,456
0,2.5,446,146,310,332
0,5,446,146,276,240
0,15,446,146,276,240
0,17.5,446,146,252,314
0,20,446,146,273,449
1,0,116,116,358,8
1,2.5,116,116,326,92
1,5,116,116,330,117
1,15,116,116,330,117
1,17.5,116,116,353,68
1,20,116,116,343,23
2,0,125,125,444,28
2,2.5,125,125,403,78
2,5,125,125,407,112
2,15,125,125,407,112
2,17.5,125,125,418,62
2,20,125,125,428,32
3,0,117,117,240,12
3,2.5,117,117,219,91
3,5,117,117,247,116
3,15,117,117,247,116
3,17.5,117,117,274,88
3,20,117,117,244,14
0,5,114,114,414,141
1,5,124,124,258,163
0,0,114,114,469,-6
0,2.5,114,114,449,81
0,5,114,114,414,141
0,15,114,114,414,141
0,17.5,114,114,434,293
0,20,114,114,452,463
1,0,124,124,284,436
1,2.5,124,124,260,301
1,5,124,124,258,163
1,15,124,124,258,163
1,17.5,124,124,253,57
1,20,124,124,272,-2
0,5,143,143,457,280
1,5,115,115,565,228
2,5,114,114,355,326
3,5,326,126,72,100
0,0,143,143,489,471
0,2.5,143,143,463,364
0,5,143,143,457,280
0,15,143,143,457,280
0,17.5,143,143,482,371
0,20,143,143,461,480
1,0,115,115,585,470
1,2.5,115,115,585,335
1,5,115,115,565,228
1,15,115,115,565,228
1,17.5,115,115,581,347
1,20,115,115,593,467
2,0,114,114,403,485
2,2.5,114,114,377,407
2,5,114,114,355,326
2,15,114,114,355,326
2,17.5,114,114,383,412
2,20,114,114,374,474
3,0,326,126,90,-21
3,2.5,326,126,88,57
3,5,326,126,72,100
3,15,326,126,72,100
3,17.5,326,126,84,45
3,20,326,126,83,0
0,5,315,115,355,92
1,5,146,146,286,311
2,5,121,121,178,269
3,5,119,119,50,208
0,0,315,115,389,-7
0,2.5,315,115,353,69
0,5,315,115,355,92
0,15,315,115,355,92
0,17.5,315,115,374,64
0,20,315,115,355,-1
1,0,146,146,326,453
1,2.5,146,146,306,392
1,5,146,146,286,311
1,15,146,146,286,311
1,17.5,146,146,303,381
1,20,146,146,302,454
2,0,121,121,236,477
2,2.5,121,121,186,344
2,5,121,121,178,269
2,15,121,121,178,269
2,17.5,121,121,196,347
2,20,121,121,170,444
3,0,119,119,70,476
3,2.5,119,119,45,312
3,5,119,119,50,208
3,15,119,119,50,208
3,17.5,119,119,69,313
3,20,119,119,56,449
0,5,234,134,34,206
1,5,133,133,45,130
2,5,248,348,510,71
0,0,234,134,51,-3
0,2.5,234,134,54,139
0,5,234,134,34,206
0,15,234,134,34,206
0,17.5,234,134,66,119
0,20,234,134,62,0
1,0,133,133,56,-28
1,2.5,133,133,60,63
1,5,133,133,45,130
1,15,133,133,45,130
1,17.5,133,133,54,51
1,20,133,133,58,-7
2,0,248,348,793,79
2,2.5,248,348,696,70
2,5,248,348,510,71
2,15,248,348,510,71
2,17.5,248,348,676,89
2,20,248,348,786,82
0,5,306,206,40,75
1,5,347,247,27,315
2,5,229,329,485,52
0,0,306,206,83,-5
0,2.5,306,206,56,68
0,5,306,206,40,75
0,15,306,206,40,75
0,17.5,306,206,71,52
0,20,306,206,49,-16
1,0,347,247,62,475
1,2.5,347,247,36,387
1,5,347,247,27,315
1,15,347,247,27,315
1,17.5,347,247,44,379
1,20,347,247,22,449
2,0,229,329,814,78
2,2.5,229,329,701,85
2,5,229,329,485,52
2,15,229,329,485,52
2,17.5,229,329,678,67
2,20,229,329,812,78
0,5,128,228,130,191
1,5,103,303,326,147
2,5,112,412,488,44
0,0,128,228,184,452
0,2.5,128,228,169,332
0,5,128,228,130,191
0,15,128,228,130,191
0,17.5,128,228,147,334
0,20,128,228,150,455
1,0,103,303,347,464
1,2.5,103,303,325,289
1,5,103,303,326,147
1,15,103,303,326,147
1,17.5,103,303,332,278
1,20,103,303,332,448
2,0,112,412,508,450
2,2.5,112,412,472,217
2,5,112,412,488,44
2,15,112,412,488,44
2,17.5,112,412,495,195
2,20,112,412,513,450
0,5,106,106,399,237
1,5,320,120,229,125
2,5,144,144,213,238
0,0,106,106,444,466
0,2.5,106,106,396,328
0,5,106,106,399,237
0,15,106,106,399,237
0,17.5,106,106,420,336
0,20,106,106,391,449
1,0,320,120,234,-3
1,2.5,320,120,190,79
1,5,320,120,229,125
1,15,320,120,229,125
1,17.5,320,120,233,78
1,20,320,120,224,3
2,0,144,144,227,462
2,2.5,144,144,209,321
2,5,144,144,213,238
2,15,144,144,213,238
2,17.5,144,144,230,346
2,20,144,144,208,451
0,5,342,142,55,57
1,5,302,102,412,153
2,5,311,111,38,321
3,5,316,116,37,166
4,5,303,103,422,279
5,5,302,102,412,45
0,0,342,142,-21,66
0,2.5,342,142,29,62
0,5,342,142,55,57
0,15,342,142,55,57
0,17.5,342,142,-10,52
0,20,342,142,-25,68
1,0,302,102,743,188
1,2.5,302,102,581,185
1,5,302,102,412,153
1,15,302,102,412,153
1,17.5,302,102,558,169
1,20,302,102,724,168
2,0,311,111,-25,340
2,2.5,311,111,16,327
2,5,311,111,38,321
2,15,311,111,38,321
2,17.5,311,111,-5,340
2,20,311,111,-32,314
3,0,316,116,-26,191
3,2.5,316,116,16,178
3,5,316,116,37,166
3,15,316,116,37,166
3,17.5,316,116,-11,174
3,20,316,116,-25,181
4,0,303,103,704,314
4,2.5,303,103,540,296
4,5,303,103,422,279
4,15,303,103,422,279
4,17.5,303,103,563,291
4,20,303,103,695,281
5,0,302,102,715,62
5,2.5,302,102,548,41
5,5,302,102,412,45
5,15,302,102,412,45
5,17.5,302,102,603,58
5,20,302,102,797,46
0,5,312,112,305,217
1,5,213,313,50,70
2,5,129,129,304,116
0,0,312,112,336,-7
0,2.5,312,112,296,77
0,5,312,112,305,217
0,15,312,112,305,217
0,17.5,312,112,316,87
0,20,312,112,294,-26
1,0,213,313,-21,97
1,2.5,213,313,27,76
1,5,213,313,50,70
1,15,213,313,50,70
1,17.5,213,313,-5,69
1,20,213,313,-27,107
2,0,129,129,301,-10
2,2.5,129,129,309,62
2,5,129,129,304,116
2,15,129,129,304,116
2,17.5,129,129,301,72
2,20,129,129,308,-6
0,5,104,104,166,158
1,5,119,119,442,164
2,5,104,104,326,159
0,0,104,104,197,465
0,2.5,104,104,166,292
0,5,104,104,166,158
0,15,104,104,166,158
0,17.5,104,104,179,288
0,20,104,104,163,443
1,0,119,119,460,446
1,2.5,119,119,442,287
1,5,119,119,442,164
1,15,119,119,442,164
1,17.5,119,119,450,281
1,20,119,119,411,439
2,0,104,104,344,466
2,2.5,104,104,323,288
2,5,104,104,326,159
2,15,104,104,326,159
2,17.5,104,104,333,283
2,20,104,104,308,447
0,5,320,120,239,91
1,5,519,219,106,240
0,0,320,120,233,-13
0,2.5,320,120,212,53
0,5,320,120,239,91
0,15,320,120,239,91
0,17.5,320,120,239,62
0,20,320,120,206,-25
1,0,519,219,98,461
1,2.5,519,219,102,321
1,5,519,219,106,240
1,15,519,219,106,240
1,17.5,519,219,125,319
1,20,519,219,105,457
0,5,243,343,263,232
1,5,449,149,168,106
0,0,243,343,296,449
0,2.5,243,343,274,350
0,5,243,343,263,232
0,15,243,343,263,232
0,17.5,243,343,280,341
0,20,243,343,249,444
1,0,449,149,202,-30
1,2.5,449,149,168,46
1,5,449,149,168,106
1,15,449,149,168,106
1,17.5,449,149,177,48
1,20,449,149,159,-21
0,5,307,107,423,312
1,5,312,112,254,181
2,5,311,111,70,48
0,0,307,107,-26,334
0,2.5,307,107,255,315
0,5,307,107,423,312
0,15,307,107,423,312
0,17.5,307,107,209,310
0,20,307,107,-23,304
1,0,312,112,-37,192
1,2.5,312,112,154,189
1,5,312,112,254,181
1,15,312,112,254,181
1,17.5,312,112,119,187
1,20,312,112,-21,198
2,0,311,111,-35,60
2,2.5,311,111,43,54
2,5,311,111,70,48
2,15,311,111,70,48
2,17.5,311,111,27,56
2,20,311,111,-36,51
0,5,149,249,540,320
1,5,134,234,97,59
2,5,124,224,302,163
0,0,149,249,561,464
0,2.5,149,249,539,410
0,5,149,249,540,320
0,15,149,249,540,320
0,17.5,149,249,545,389
0,20,149,249,540,466
1,0,134,234,136,470
1,2.5,134,234,114,212
1,5,134,234,97,59
1,15,134,234,97,59
1,17.5,134,234,112,245
1,20,134,234,111,479
2,0,124,224,352,444
2,2.5,124,224,316,306
2,5,124,224,302,163
2,15,124,224,302,163
2,17.5,124,224,337,308
2,20,124,224,317,437
0,5,205,105,202,149
1,5,117,117,519,140
0,0,205,105,-27,178
0,2.5,205,105,75,158
0,5,205,105,202,149
0,15,205,105,202,149
0,17.5,205,105,71,161
0,20,205,105,-35,139
1,0,117,117,804,162
1,2.5,117,117,635,142
1,5,117,117,519,140
1,15,117,117,519,140
1,17.5,117,117,624,146
1,20,117,117,772,138
0,5,110,110,210,168
1,5,132,232,189,262
2,5,135,235,439,266
3,5,134,134,462,163
0,0,110,110,248,-17
0,2.5,110,110,226,92
0,5,110,110,210,168
0,15,110,110,210,168
0,17.5,110,110,213,92
0,20,110,110,215,1
1,0,132,232,213,428
1,2.5,132,232,201,324
1,5,132,232,189,262
1,15,132,232,189,262
1,17.5,132,232,201,319
1,20,132,232,213,442
2,0,135,235,456,407
2,2.5,135,235,438,332
2,5,135,235,439,266
2,15,135,235,439,266
2,17.5,135,235,466,335
2,20,135,235,438,405
3,0,134,134,511,-5
3,2.5,134,134,471,92
3,5,134,134,462,163
3,15,134,134,462,163
3,17.5,134,134,478,93
3,20,134,134,462,-10
0,5,215,115,402,212
1,5,109,209,233,207
0,0,215,115,403,450
0,2.5,215,115,436,301
0,5,215,115,402,212
0,15,215,115,402,212
0,17.5,215,115,407,97
0,20,215,115,407,4
1,0,109,209,226,-17
1,2.5,109,209,224,113
1,5,109,209,233,207
1,15,109,209,233,207
1,17.5,109,209,230,322
1,20,109,209,228,460
0,5,218,118,402,212
1,5,105,205,233,207
0,0,218,118,782,198
0,2.5,218,118,564,213
0,5,218,118,402,212
0,15,218,118,402,212
0,17.5,218,118,581,205
0,20,218,118,774,222
1,0,105,205,-12,242
1,2.5,105,205,106,243
1,5,105,205,233,207
1,15,105,205,233,207
1,17.5,105,205,95,203
1,20,105,205,-33,192
0,5,116,116,493,238
1,5,115,115,225,266
2,5,119,119,336,150
0,0,116,116,535,-8
0,2.5,116,116,534,121
0,5,116,116,493,238
0,15,116,116,493,238
0,17.5,116,116,498,351
0,20,116,116,509,471
1,0,115,115,245,-4
1,2.5,115,115,213,157
1,5,115,115,225,266
1,15,115,115,225,266
1,17.5,115,115,213,367
1,20,115,115,196,462
2,0,119,119,343,12
2,2.5,119,119,344,75
2,5,119,119,336,150
2,15,119,119,336,150
2,17.5,119,119,350,326
2,20,119,119,361,463
0,5,102,102,493,238
1,5,117,117,262,295
2,5,111,111,334,221
0,0,102,102,799,228
0,2.5,102,102,655,257
0,5,102,102,493,238
0,15,102,102,493,238
0,17.5,102,102,671,243
0,20,102,102,805,230
1,0,117,117,-16,280
1,2.5,117,117,106,266
1,5,117,117,262,295
1,15,117,117,262,295
1,17.5,117,117,105,269
1,20,117,117,-30,253
2,0,111,111,330,-1
2,2.5,111,111,359,90
2,5,111,111,334,221
2,15,111,111,334,221
2,17.5,111,111,347,323
2,20,111,111,370,472
0,5,127,127,214,126
1,5,119,119,515,282
2,5,112,112,238,287
3,5,127,127,344,201
4,5,141,141,537,145
0,0,127,127,-38,155
0,2.5,127,127,84,143
0,5,127,127,214,126
0,15,127,127,214,126
0,17.5,127,127,86,149
0,20,127,127,-26,137
1,0,119,119,795,283
1,2.5,119,119,647,301
1,5,119,119,515,282
1,15,119,119,515,282
1,17.5,119,119,656,296
1,20,119,119,799,297
2,0,112,112,-28,306
2,2.5,112,112,97,309
2,5,112,112,238,287
2,15,112,112,238,287
2,17.5,112,112,78,290
2,20,112,112,-20,295
3,0,127,127,352,-28
3,2.5,127,127,342,84
3,5,127,127,344,201
3,15,127,127,344,201
3,17.5,127,127,351,351
3,20,127,127,347,469
4,0,141,141,816,165
4,2.5,141,141,653,137
4,5,141,141,537,145
4,15,141,141,537,145
4,17.5,141,141,679,149
4,20,141,141,802,163
0,5,139,139,214,126
1,5,141,141,515,282
2,5,133,133,238,287
3,5,125,125,344,201
4,5,103,103,537,145
0,0,139,139,220,9
0,2.5,139,139,206,55
0,5,139,139,214,126
0,15,139,139,214,126
0,17.5,139,139,219,73
0,20,139,139,214,1
1,0,141,141,517,463
1,2.5,141,141,513,409
1,5,141,141,515,282
1,15,141,141,515,282
1,17.5,141,141,527,372
1,20,141,141,536,476
2,0,133,133,219,471
2,2.5,133,133,225,380
2,5,133,133,238,287
2,15,133,133,238,287
2,17.5,133,133,253,387
2,20,133,133,237,456
3,0,125,125,357,-23
3,2.5,125,125,340,82
3,5,125,125,344,201
3,15,125,125,344,201
3,17.5,125,125,368,368
3,20,125,125,341,463
4,0,103,103,541,-1
4,2.5,103,103,545,76
4,5,103,103,537,145
4,15,103,103,537,145
4,17.5,103,103,515,70
4,20,103,103,519,0
0,5,436,136,276,240
1,5,110,110,330,117
2,5,144,144,407,112
3,5,114,114,247,116
0,0,436,136,-22,282
0,2.5,436,136,177,285
0,5,436,136,276,240
0,15,436,136,276,240
0,17.5,436,136,567,247
0,20,436,136,791,262
1,0,110,110,-24,128
1,2.5,110,110,158,116
1,5,110,110,330,117
1,15,110,110,330,117
1,17.5,110,110,177,135
1,20,110,110,-22,136
2,0,144,144,-34,125
2,2.5,144,144,247,118
2,5,144,144,407,112
2,15,144,144,407,112
2,17.5,144,144,244,136
2,20,144,144,-17,144
3,0,114,114,-30,146
3,2.5,114,114,123,134
3,5,114,114,247,116
3,15,114,114,247,116
3,17.5,114,114,128,141
3,20,114,114,-27,119
0,5,444,144,276,240
1,5,107,107,330,117
2,5,129,129,407,112
3,5,111,111,247,116
0,0,444,144,3,461
0,2.5,444,144,138,334
0,5,444,144,276,240
0,15,444,144,276,240
0,17.5,444,144,588,320
0,20,444,144,789,449
1,0,107,107,369,19
1,2.5,107,107,312,78
1,5,107,107,330,117
1,15,107,107,330,117
1,17.5,107,107,359,74
1,20,107,107,351,31
2,0,129,129,623,-10
2,2.5,129,129,504,59
2,5,129,129,407,112
2,15,129,129,407,112
2,17.5,129,129,432,76
2,20,129,129,423,27
3,0,111,111,49,-7
3,2.5,111,111,166,89
3,5,111,111,247,116
3,15,111,111,247,116
3,17.5,111,111,264,78
3,20,111,111,254,24
0,5,129,129,414,141
1,5,137,137,258,163
0,0,129,129,798,170
0,2.5,129,129,600,143
0,5,129,129,414,141
0,15,129,129,414,141
0,17.5,129,129,432,291
0,20,129,129,442,453
1,0,137,137,-18,215
1,2.5,137,137,171,206
1,5,137,137,258,163
1,15,137,137,258,163
1,17.5,137,137,272,76
1,20,137,137,277,3
0,5,105,105,414,141
1,5,136,136,258,163
0,0,105,105,781,8
0,2.5,105,105,606,108
0,5,105,105,414,141
0,15,105,105,414,141
0,17.5,105,105,604,321
0,20,105,105,790,456
1,0,136,136,-4,12
1,2.5,136,136,144,110
1,5,136,136,258,163
1,15,136,136,258,163
1,17.5,136,136,175,327
1,20,136,136,-10,443
0,5,103,103,457,280
1,5,123,123,565,228
2,5,104,104,355,326
3,5,330,130,72,100
0,0,103,103,492,474
0,2.5,103,103,474,375
0,5,103,103,457,280
0,15,103,103,457,280
0,17.5,103,103,480,369
0,20,103,103,460,479
1,0,123,123,585,470
1,2.5,123,123,587,337
1,5,123,123,565,228
1,15,123,123,565,228
1,17.5,123,123,580,346
1,20,123,123,591,465
2,0,104,104,398,480
2,2.5,104,104,378,408
2,5,104,104,355,326
2,15,104,104,355,326
2,17.5,104,104,375,404
2,20,104,104,361,461
3,0,330,130,-29,137
3,2.5,330,130,24,108
3,5,330,130,72,100
3,15,330,130,72,100
3,17.5,330,130,93,54
3,20,330,130,81,-2
0,5,134,134,457,280
1,5,100,100,565,228
2,5,103,103,355,326
3,5,317,117,72,100
0,0,134,134,781,311
0,2.5,134,134,616,324
0,5,134,134,457,280
0,15,134,134,457,280
0,17.5,134,134,484,373
0,20,134,134,455,474
1,0,100,100,797,246
1,2.5,100,100,672,244
1,5,100,100,565,228
1,15,100,100,565,228
1,17.5,100,100,575,326
1,20,100,100,584,458
2,0,103,103,765,322
2,2.5,103,103,539,340
2,5,103,103,355,326
2,15,103,103,355,326
2,17.5,103,103,384,413
2,20,103,103,354,454
3,0,317,117,91,-20
3,2.5,317,117,69,38
3,5,317,117,72,100
3,15,317,117,72,100
3,17.5,317,117,91,52
3,20,317,117,64,-19
0,5,331,131,355,92
1,5,145,145,286,311
2,5,120,120,178,269
3,5,112,112,50,208
0,0,331,131,787,113
0,2.5,331,131,519,98
0,5,331,131,355,92
0,15,331,131,355,92
0,17.5,331,131,378,68
0,20,331,131,356,0
1,0,145,145,330,457
1,2.5,145,145,288,374
1,5,145,145,286,311
1,15,145,145,286,311
1,17.5,145,145,300,378
1,20,145,145,305,457
2,0,120,120,232,473
2,2.5,120,120,190,348
2,5,120,120,178,269
2,15,120,120,178,269
2,17.5,120,120,187,338
2,20,120,120,174,448
3,0,112,112,59,465
3,2.5,112,112,48,315
3,5,112,112,50,208
3,15,112,112,50,208
3,17.5,112,112,72,316
3,20,112,112,73,466
0,5,328,128,355,92
1,5,146,146,286,311
2,5,144,144,178,269
3,5,110,110,50,208
0,0,328,128,396,0
0,2.5,328,128,345,61
0,5,328,128,355,92
0,15,328,128,355,92
0,17.5,328,128,377,67
0,20,328,128,340,-16
1,0,146,146,-17,365
1,2.5,146,146,176,358
1,5,146,146,286,311
1,15,146,146,286,311
1,17.5,146,146,308,386
1,20,146,146,305,457
2,0,144,144,-24,304
2,2.5,144,144,97,303
2,5,144,144,178,269
2,15,144,144,178,269
2,17.5,144,144,207,358
2,20,144,144,188,462
3,0,110,110,-24,233
3,2.5,110,110,14,229
3,5,110,110,50,208
3,15,110,110,50,208
3,17.5,110,110,58,302
3,20,110,110,65,458
0,5,240,140,34,206
1,5,129,129,45,130
2,5,206,306,510,71
0,0,240,140,-35,247
0,2.5,240,140,9,242
0,5,240,140,34,206
0,15,240,140,34,206
0,17.5,240,140,11,234
0,20,240,140,-29,235
1,0,129,129,-30,163
1,2.5,129,129,4,152
1,5,129,129,45,130
1,15,129,129,45,130
1,17.5,129,129,9,153
1,20,129,129,-37,133
2,0,206,306,788,74
2,2.5,206,306,690,64
2,5,206,306,510,71
2,15,206,306,510,71
2,17.5,206,306,675,88
2,20,206,306,799,95
0,5,206,106,34,206
1,5,135,135,45,130
2,5,224,324,510,71
0,0,206,106,53,-1
0,2.5,206,106,50,135
0,5,206,106,34,206
0,15,206,106,34,206
0,17.5,206,106,27,343
0,20,206,106,12,448
1,0,135,135,58,-26
1,2.5,135,135,66,69
1,5,135,135,45,130
1,15,135,135,45,130
1,17.5,135,135,25,280
1,20,135,135,8,441
2,0,224,324,522,-15
2,2.5,224,324,529,41
2,5,224,324,510,71
2,15,224,324,510,71
2,17.5,224,324,673,86
2,20,224,324,791,87
0,5,323,223,40,75
1,5,349,249,27,315
2,5,202,302,485,52
0,0,323,223,-33,101
0,2.5,323,223,8,111
0,5,323,223,40,75
0,15,323,223,40,75
0,17.5,323,223,75,56
0,20,323,223,52,-13
1,0,349,249,-20,336
1,2.5,349,249,-10,334
1,5,349,249,27,315
1,15,349,249,27,315
1,17.5,349,249,49,384
1,20,349,249,38,465
2,0,202,302,803,67
2,2.5,202,302,690,74
2,5,202,302,485,52
2,15,202,302,485,52
2,17.5,202,302,677,66
2,20,202,302,807,73
0,5,329,229,40,75
1,5,330,230,27,315
2,5,215,315,485,52
0,0,329,229,77,-11
0,2.5,329,229,46,58
0,5,329,229,40,75
0,15,329,229,40,75
0,17.5,329,229,72,53
0,20,329,229,48,-17
1,0,330,230,57,470
1,2.5,330,230,32,383
1,5,330,230,27,315
1,15,330,230,27,315
1,17.5,330,230,44,379
1,20,330,230,38,465
2,0,215,315,809,73
2,2.5,215,315,700,84
2,5,215,315,485,52
2,15,215,315,485,52
2,17.5,215,315,484,303
2,20,215,315,481,450
0,5,108,208,130,191
1,5,110,310,326,147
2,5,101,401,488,44
0,0,108,208,190,458
0,2.5,108,208,181,344
0,5,108,208,130,191
0,15,108,208,130,191
0,17.5,108,208,136,117
0,20,108,208,130,-25
1,0,110,310,356,473
1,2.5,110,310,316,280
1,5,110,310,326,147
1,15,110,310,326,147
1,17.5,110,310,334,80
1,20,110,310,334,-11
2,0,101,401,508,450
2,2.5,101,401,464,209
2,5,101,401,488,44
2,15,101,401,488,44
2,17.5,101,401,498,16
2,20,101,401,487,-35
0,5,140,240,130,191
1,5,133,333,326,147
2,5,103,403,488,44
0,0,140,240,182,450
0,2.5,140,240,183,346
0,5,140,240,130,191
0,15,140,240,130,191
0,17.5,140,240,45,203
0,20,140,240,-30,210
1,0,133,333,358,475
1,2.5,133,333,326,290
1,5,133,333,326,147
1,15,133,333,326,147
1,17.5,133,333,182,190
1,20,133,333,-23,193
2,0,103,403,520,462
2,2.5,103,403,480,225
2,5,103,403,488,44
2,15,103,403,488,44
2,17.5,103,403,243,175
2,20,103,403,-39,156
0,5,130,130,399,237
1,5,300,100,229,125
2,5,149,149,213,238
0,0,130,130,792,257
0,2.5,130,130,572,265
0,5,130,130,399,237
0,15,130,130,399,237
0,17.5,130,130,412,328
0,20,130,130,389,447
1,0,300,100,-25,147
1,2.5,300,100,142,121
1,5,300,100,229,125
1,15,300,100,229,125
1,17.5,300,100,232,77
1,20,300,100,213,-8
2,0,149,149,-32,250
2,2.5,149,149,106,243
2,5,149,149,213,238
2,15,149,149,213,238
2,17.5,149,149,226,342
2,20,149,149,207,450
0,5,105,105,399,237
1,5,313,113,229,125
2,5,149,149,213,238
0,0,105,105,775,437
0,2.5,105,105,587,347
0,5,105,105,399,237
0,15,105,105,399,237
0,17.5,105,105,414,330
0,20,105,105,407,465
1,0,313,113,-14,6
1,2.5,313,113,147,98
1,5,313,113,229,125
1,15,313,113,229,125
1,17.5,313,113,517,111
1,20,313,113,790,14
2,0,149,149,0,454
2,2.5,149,149,118,373
2,5,149,149,213,238
2,15,149,149,213,238
2,17.5,149,149,223,339
2,20,149,149,205,448
0,5,305,105,55,57
1,5,308,108,412,153
2,5,319,119,38,321
3,5,306,106,37,166
4,5,318,118,422,279
5,5,322,122,412,45
0,0,305,105,49,-30
0,2.5,305,105,43,43
0,5,305,105,55,57
0,15,305,105,55,57
0,17.5,305,105,-4,58
0,20,305,105,-25,68
1,0,308,108,413,-12
1,2.5,308,108,418,109
1,5,308,108,412,153
1,15,308,108,412,153
1,17.5,308,108,569,180
1,20,308,108,705,149
2,0,319,119,50,-8
2,2.5,319,119,56,215
2,5,319,119,38,321
2,15,319,119,38,321
2,17.5,319,119,6,351
2,20,319,119,-14,332
3,0,306,106,49,-11
3,2.5,306,106,51,102
3,5,306,106,37,166
3,15,306,106,37,166
3,17.5,306,106,-4,181
3,20,306,106,-24,182
4,0,318,118,396,-13
4,2.5,318,118,419,202
4,5,318,118,422,279
4,15,318,118,422,279
4,17.5,318,118,566,294
4,20,318,118,707,293
5,0,322,122,409,-15
5,2.5,322,122,402,29
5,5,322,122,412,45
5,15,322,122,412,45
5,17.5,322,122,600,55
5,20,322,122,805,54
0,5,308,108,55,57
1,5,338,138,412,153
2,5,319,119,38,321
3,5,321,121,37,166
4,5,338,138,422,279
5,5,325,125,412,45
0,0,308,108,-25,62
0,2.5,308,108,23,56
0,5,308,108,55,57
0,15,308,108,55,57
0,17.5,308,108,51,259
0,20,308,108,34,439
1,0,338,138,740,185
1,2.5,338,138,568,172
1,5,338,138,412,153
1,15,338,138,412,153
1,17.5,338,138,396,279
1,20,338,138,409,443
2,0,319,119,-17,348
2,2.5,319,119,12,323
2,5,319,119,38,321
2,15,319,119,38,321
2,17.5,319,119,22,389
2,20,319,119,24,461
3,0,321,121,-36,181
3,2.5,321,121,8,170
3,5,321,121,37,166
3,15,321,121,37,166
3,17.5,321,121,27,319
3,20,321,121,29,450
4,0,338,138,705,315
4,2.5,338,138,550,306
4,5,338,138,422,279
4,15,338,138,422,279
4,17.5,338,138,395,363
4,20,338,138,412,440
5,0,325,125,709,56
5,2.5,325,125,551,44
5,5,325,125,412,45
5,15,325,125,412,45
5,17.5,325,125,418,252
5,20,325,125,396,440
0,5,345,145,305,217
1,5,241,341,50,70
2,5,103,103,304,116
0,0,345,145,325,-18
0,2.5,345,145,296,77
0,5,345,145,305,217
0,15,345,145,305,217
0,17.5,345,145,311,82
0,20,345,145,308,-12
1,0,241,341,-32,86
1,2.5,241,341,29,78
1,5,241,341,50,70
1,15,241,341,50,70
1,17.5,241,341,4,78
1,20,241,341,-23,111
2,0,103,103,295,-16
2,2.5,103,103,319,72
2,5,103,103,304,116
2,15,103,103,304,116
2,17.5,103,103,313,84
2,20,103,103,313,-1
0,5,335,135,305,217
1,5,237,337,50,70
2,5,139,139,304,116
0,0,335,135,335,-8
0,2.5,335,135,310,91
0,5,335,135,305,217
0,15,335,135,305,217
0,17.5,335,135,302,73
0,20,335,135,313,-7
1,0,237,337,-21,97
1,2.5,237,337,23,72
1,5,237,337,50,70
1,15,237,337,50,70
1,17.5,237,337,1,75
1,20,237,337,-39,95
2,0,139,139,298,-13
2,2.5,139,139,316,69
2,5,139,139,304,116
2,15,139,139,304,116
2,17.5,139,139,313,84
2,20,139,139,299,-15
0,5,123,123,166,158
1,5,149,149,442,164
2,5,141,141,326,159
0,0,123,123,191,459
0,2.5,123,123,165,291
0,5,123,123,166,158
0,15,123,123,166,158
0,17.5,123,123,173,101
0,20,123,123,157,-12
1,0,149,149,474,460
1,2.5,149,149,431,276
1,5,149,149,442,164
1,15,149,149,442,164
1,17.5,149,149,453,56
1,20,149,149,452,-21
2,0,141,141,335,457
2,2.5,141,141,322,287
2,5,141,141,326,159
2,15,141,141,326,159
2,17.5,141,141,319,80
2,20,141,141,316,-25
0,5,132,132,166,158
1,5,128,128,442,164
2,5,147,147,326,159
0,0,132,132,199,467
0,2.5,132,132,175,301
0,5,132,132,166,158
0,15,132,132,166,158
0,17.5,132,132,60,168
0,20,132,132,-29,174
1,0,128,128,460,446
1,2.5,128,128,447,292
1,5,128,128,442,164
1,15,128,128,442,164
1,17.5,128,128,655,184
1,20,128,128,818,180
2,0,147,147,342,464
2,2.5,147,147,314,279
2,5,147,147,326,159
2,15,147,147,326,159
2,17.5,147,147,333,88
2,20,147,147,321,-15
0,5,314,114,239,91
1,5,546,246,106,240
0,0,314,114,-15,124
0,2.5,314,114,101,95
0,5,314,114,239,91
0,15,314,114,239,91
0,17.5,314,114,235,58
0,20,314,114,215,-16
1,0,546,246,784,260
1,2.5,546,246,376,250
1,5,546,246,106,240
1,15,546,246,106,240
1,17.5,546,246,112,306
1,20,546,246,99,451
0,5,328,128,239,91
1,5,543,243,106,240
0,0,328,128,223,-23
0,2.5,328,128,220,61
0,5,328,128,239,91
0,15,328,128,239,91
0,17.5,328,128,215,281
0,20,328,128,202,435
1,0,543,243,107,470
1,2.5,543,243,94,313
1,5,543,243,106,240
1,15,543,243,106,240
1,17.5,543,243,112,306
1,20,543,243,111,463
0,5,222,322,263,232
1,5,447,147,168,106
0,0,222,322,-41,241
0,2.5,222,322,140,258
0,5,222,322,263,232
0,15,222,322,263,232
0,17.5,222,322,264,325
0,20,222,322,261,456
1,0,447,147,-37,117
1,2.5,447,147,63,107
1,5,447,147,168,106
1,15,447,147,168,106
1,17.5,447,147,177,48
1,20,447,147,159,-21
0,5,214,314,263,232
1,5,441,141,168,106
0,0,214,314,287,440
0,2.5,214,314,257,333
0,5,214,314,263,232
0,15,214,314,263,232
0,17.5,214,314,267,328
0,20,214,314,252,447
1,0,441,141,197,-35
1,2.5,441,141,178,56
1,5,441,141,168,106
1,15,441,141,168,106
1,17.5,441,141,171,303
1,20,441,141,155,452
0,5,347,147,423,312
1,5,340,140,254,181
2,5,300,100,70,48
0,0,347,147,423,-25
0,2.5,347,147,415,153
0,5,347,147,423,312
0,15,347,147,423,312
0,17.5,347,147,195,296
0,20,347,147,-12,315
1,0,340,140,261,-18
1,2.5,340,140,250,102
1,5,340,140,254,181
1,15,340,140,254,181
1,17.5,340,140,111,179
1,20,340,140,-38,181
2,0,300,100,78,-23
2,2.5,300,100,64,31
2,5,300,100,70,48
2,15,300,100,70,48
2,17.5,300,100,38,67
2,20,300,100,-24,63
0,5,316,116,423,312
1,5,301,101,254,181
2,5,306,106,70,48
0,0,316,116,-21,339
0,2.5,316,116,245,305
0,5,316,116,423,312
0,15,316,116,423,312
0,17.5,316,116,428,402
0,20,316,116,401,452
1,0,301,101,-37,192
1,2.5,301,101,156,191
1,5,301,101,254,181
1,15,301,101,254,181
1,17.5,301,101,249,369
1,20,301,101,243,459
2,0,306,106,-32,63
2,2.5,306,106,52,63
2,5,306,106,70,48
2,15,306,106,70,48
2,17.5,306,106,72,264
2,20,306,106,61,449
0,5,147,247,540,320
1,5,140,240,97,59
2,5,148,248,302,163
0,0,147,247,-39,321
0,2.5,147,247,319,356
0,5,147,247,540,320
0,15,147,247,540,320
0,17.5,147,247,559,403
0,20,147,247,544,470
1,0,140,240,-39,76
1,2.5,140,240,42,88
1,5,140,240,97,59
1,15,140,240,97,59
1,17.5,140,240,104,237
1,20,140,240,100,468
2,0,148,248,-25,170
2,2.5,148,248,179,186
2,5,148,248,302,163
2,15,148,248,302,163
2,17.5,148,248,329,300
2,20,148,248,313,433
0,5,125,225,540,320
1,5,129,229,97,59
2,5,109,209,302,163
0,0,125,225,576,479
0,2.5,125,225,527,398
0,5,125,225,540,320
0,15,125,225,540,320
0,17.5,125,225,564,159
0,20,125,225,553,-6
1,0,129,229,125,459
1,2.5,129,229,120,218
1,5,129,229,97,59
1,15,129,229,97,59
1,17.5,129,229,95,11
1,20,129,229,95,-22
2,0,109,209,358,450
2,2.5,109,209,321,311
2,5,109,209,302,163
2,15,109,209,302,163
2,17.5,109,209,313,80
2,20,109,209,310,-20
0,5,211,111,202,149
1,5,150,150,519,140
0,0,211,111,-19,186
0,2.5,211,111,66,149
0,5,211,111,202,149
0,15,211,111,202,149
0,17.5,211,111,215,367
0,20,211,111,214,459
1,0,150,150,798,156
1,2.5,150,150,641,148
1,5,150,150,519,140
1,15,150,150,519,140
1,17.5,150,150,530,353
1,20,150,150,517,450
0,5,226,126,202,149
1,5,111,111,519,140
0,0,226,126,-35,170
0,2.5,226,126,77,160
0,5,226,126,202,149
0,15,226,126,202,149
0,17.5,226,126,214,80
0,20,226,126,202,-12
1,0,111,111,804,162
1,2.5,111,111,646,153
1,5,111,111,519,140
1,15,111,111,519,140
1,17.5,111,111,533,61
1,20,111,111,516,-30
0,5,111,111,210,168
1,5,124,224,189,262
2,5,110,210,439,266
3,5,132,132,462,163
0,0,111,111,243,-22
0,2.5,111,111,226,92
0,5,111,111,210,168
0,15,111,111,210,168
0,17.5,111,111,89,212
0,20,111,111,-25,200
1,0,124,224,225,440
1,2.5,124,224,193,316
1,5,124,224,189,262
1,15,124,224,189,262
1,17.5,124,224,91,286
1,20,124,224,-36,269
2,0,110,210,471,422
2,2.5,110,210,429,323
2,5,110,210,439,266
2,15,110,210,439,266
2,17.5,110,210,638,290
2,20,110,210,804,292
3,0,132,132,510,-6
3,2.5,132,132,467,88
3,5,132,132,462,163
3,15,132,132,462,163
3,17.5,132,132,653,168
3,20,132,132,807,181
0,5,140,140,210,168
1,5,109,209,189,262
2,5,146,246,439,266
3,5,113,113,462,163
0,0,140,140,-25,185
0,2.5,140,140,101,166
0,5,140,140,210,168
0,15,140,140,210,168
0,17.5,140,140,216,95
0,20,140,140,200,-14
1,0,109,209,-36,282
1,2.5,109,209,73,270
1,5,109,209,189,262
1,15,109,209,189,262
1,17.5,109,209,206,324
1,20,109,209,197,426
2,0,146,246,816,307
2,2.5,146,246,646,289
2,5,146,246,439,266
2,15,146,246,439,266
2,17.5,146,246,463,332
2,20,146,246,455,422
3,0,113,113,813,192
3,2.5,113,113,655,175
3,5,113,113,462,163
3,15,113,113,462,163
3,17.5,113,113,479,94
3,20,113,113,479,7
0,5,241,141,402,212
1,5,114,214,233,207
0,0,241,141,454,469
0,2.5,241,141,434,299
0,5,241,141,402,212
0,15,241,141,402,212
0,17.5,241,141,414,104
0,20,241,141,398,-5
1,0,114,214,-18,236
1,2.5,114,214,99,236
1,5,114,214,233,207
1,15,114,214,233,207
1,17.5,114,214,109,217
1,20,114,214,-34,191
0,5,161,161,493,238
1,5,140,140,225,266
2,5,104,104,334,221
0,0,161,161,781,451
0,2.5,161,161,631,276
0,5,161,161,493,238
0,15,161,161,493,238
0,17.5,161,161,661,141
0,20,161,161,757,28
1,0,140,140,-3,443
1,2.5,140,140,143,285
1,5,140,140,225,266
1,15,140,140,225,266
1,17.5,140,140,193,149
1,20,140,140,51,54
2,0,104,104,331,0
2,2.5,104,104,353,84
2,5,104,104,334,221
2,15,104,104,334,221
2,17.5,104,104,356,332
2,20,104,104,367,469
0,5,123,123,214,126
1,5,149,149,515,282
2,5,163,163,238,287
3,5,152,152,344,201
4,5,168,168,537,145
0,0,123,123,1,1
0,2.5,123,123,103,110
0,5,123,123,214,126
0,15,123,123,214,126
0,17.5,123,123,225,54
0,20,123,123,198,-15
1,0,149,149,795,459
1,2.5,149,149,671,343
1,5,149,149,515,282
1,15,149,149,515,282
1,17.5,149,149,520,365
1,20,149,149,524,464
2,0,163,163,0,450
2,2.5,163,163,104,328
2,5,163,163,238,287
2,15,163,163,238,287
2,17.5,163,163,239,373
2,20,163,163,231,450
3,0,152,152,355,-25
3,2.5,152,152,338,80
3,5,152,152,344,201
3,15,152,152,344,201
3,17.5,152,152,366,366
3,20,152,152,346,468
4,0,168,168,794,25
4,2.5,168,168,669,107
4,5,168,168,537,145
4,15,168,168,537,145
4,17.5,168,168,520,75
4,20,168,168,523,4
0,5,449,149,276,240
1,5,147,147,330,117
2,5,153,153,407,112
3,5,158,158,247,116
0,0,449,149,244,449
0,2.5,449,149,311,333
0,5,449,149,276,240
0,15,449,149,276,240
0,17.5,449,149,261,323
0,20,449,149,282,458
1,0,147,147,358,8
1,2.5,147,147,327,93
1,5,147,147,330,117
1,15,147,147,330,117
1,17.5,147,147,360,75
1,20,147,147,348,28
2,0,153,153,443,27
2,2.5,153,153,398,73
2,5,153,153,407,112
2,15,153,153,407,112
2,17.5,153,153,435,79
2,20,153,153,428,32
3,0,158,158,239,11
3,2.5,158,158,231,103
3,5,158,158,247,116
3,15,158,158,247,116
3,17.5,158,158,276,90
3,20,158,158,237,7
0,5,122,122,414,141
1,5,122,122,258,163
0,0,122,122,476,1
0,2.5,122,122,448,80
0,5,122,122,414,141
0,15,122,122,414,141
0,17.5,122,122,424,283
0,20,122,122,442,453
1,0,122,122,298,450
1,2.5,122,122,254,295
1,5,122,122,258,163
1,15,122,122,258,163
1,17.5,122,122,267,71
1,20,122,122,264,-10
0,5,149,149,457,280
1,5,172,172,565,228
2,5,144,144,355,326
3,5,338,138,72,100
0,0,149,149,494,476
0,2.5,149,149,468,369
0,5,149,149,457,280
0,15,149,149,457,280
0,17.5,149,149,490,379
0,20,149,149,442,461
1,0,172,172,584,469
1,2.5,172,172,577,327
1,5,172,172,565,228
1,15,172,172,565,228
1,17.5,172,172,574,340
1,20,172,172,591,465
2,0,144,144,397,479
2,2.5,144,144,375,405
2,5,144,144,355,326
2,15,144,144,355,326
2,17.5,144,144,368,397
2,20,144,144,372,472
3,0,338,138,89,-22
3,2.5,338,138,85,54
3,5,338,138,72,100
3,15,338,138,72,100
3,17.5,338,138,98,59
3,20,338,138,79,-4
0,5,346,146,355,92
1,5,112,112,286,311
2,5,188,188,178,269
3,5,162,162,50,208
0,0,346,146,389,-7
0,2.5,346,146,361,77
0,5,346,146,355,92
0,15,346,146,355,92
0,17.5,346,146,370,60
0,20,346,146,346,-10
1,0,112,112,339,466
1,2.5,112,112,304,390
1,5,112,112,286,311
1,15,112,112,286,311
1,17.5,112,112,296,374
1,20,112,112,310,462
2,0,188,188,226,467
2,2.5,188,188,195,353
2,5,188,188,178,269
2,15,188,188,178,269
2,17.5,188,188,206,357
2,20,188,188,174,448
3,0,162,162,63,469
3,2.5,162,162,51,318
3,5,162,162,50,208
3,15,162,162,50,208
3,17.5,162,162,54,298
3,20,162,162,55,448
0,5,233,133,34,206
1,5,139,139,45,130
2,5,251,351,510,71
0,0,233,133,37,-17
0,2.5,233,133,42,127
0,5,233,133,34,206
0,15,233,133,34,206
0,17.5,233,133,66,119
0,20,233,133,61,-1
1,0,139,139,60,-24
1,2.5,139,139,68,71
1,5,139,139,45,130
1,15,139,139,45,130
1,17.5,139,139,61,58
1,20,139,139,47,-18
2,0,251,351,792,78
2,2.5,251,351,707,81
2,5,251,351,510,71
2,15,251,351,510,71
2,17.5,251,351,683,96
2,20,251,351,793,89
0,5,349,249,40,75
1,5,344,244,27,315
2,5,232,332,485,52
0,0,349,249,66,-22
0,2.5,349,249,53,65
0,5,349,249,40,75
0,15,349,249,40,75
0,17.5,349,249,61,42
0,20,349,249,61,-4
1,0,344,244,67,480
1,2.5,344,244,33,384
1,5,344,244,27,315
1,15,344,244,27,315
1,17.5,344,244,42,377
1,20,344,244,23,450
2,0,232,332,804,68
2,2.5,232,332,687,71
2,5,232,332,485,52
2,15,232,332,485,52
2,17.5,232,332,676,65
2,20,232,332,807,73
0,5,129,229,130,191
1,5,145,345,326,147
2,5,161,461,488,44
0,0,129,229,192,460
0,2.5,129,229,184,347
0,5,129,229,130,191
0,15,129,229,130,191
0,17.5,129,229,141,328
0,20,129,229,159,464
1,0,145,345,340,457
1,2.5,145,345,318,282
1,5,145,345,326,147
1,15,145,345,326,147
1,17.5,145,345,345,291
1,20,145,345,351,467
2,0,161,461,516,458
2,2.5,161,461,478,223
2,5,161,461,488,44
2,15,161,461,488,44
2,17.5,161,461,493,193
2,20,161,461,500,437
0,5,135,135,399,237
1,5,364,164,229,125
2,5,142,142,213,238
0,0,135,135,441,463
0,2.5,135,135,408,340
0,5,135,135,399,237
0,15,135,135,399,237
0,17.5,135,135,417,333
0,20,135,135,390,448
1,0,364,164,219,-18
1,2.5,364,164,186,75
1,5,364,164,229,125
1,15,364,164,229,125
1,17.5,364,164,236,81
1,20,364,164,218,-3
2,0,142,142,241,476
2,2.5,142,142,220,332
2,5,142,142,213,238
2,15,142,142,213,238
2,17.5,142,142,214,330
2,20,142,142,208,451
0,5,328,128,55,57
1,5,353,153,412,153
2,5,339,139,38,321
3,5,348,148,37,166
4,5,359,159,422,279
5,5,357,157,412,45
0,0,328,128,-18,69
0,2.5,328,128,33,66
0,5,328,128,55,57
0,15,328,128,55,57
0,17.5,328,128,0,62
0,20,328,128,-34,59
1,0,353,153,747,192
1,2.5,353,153,582,186
1,5,353,153,412,153
1,15,353,153,412,153
1,17.5,353,153,563,174
1,20,353,153,719,163
2,0,339,139,-18,347
2,2.5,339,139,15,326
2,5,339,139,38,321
2,15,339,139,38,321
2,17.5,339,139,-3,342
2,20,339,139,-29,317
3,0,348,148,-29,188
3,2.5,348,148,2,164
3,5,348,148,37,166
3,15,348,148,37,166
3,17.5,348,148,4,189
3,20,348,148,-19,187
4,0,359,159,693,303
4,2.5,359,159,549,305
4,5,359,159,422,279
4,15,359,159,422,279
4,17.5,359,159,551,279
4,20,359,159,699,285
5,0,357,157,713,60
5,2.5,357,157,550,43
5,5,357,157,412,45
5,15,357,157,412,45
5,17.5,357,157,585,40
5,20,357,157,802,51
